Image_Url, Item_Name, Item_Price, Average_Rating, Number_Of_Ratings
https://m.media-amazon.com/images/I/816xGeKghbL._AC_UL320_.jpg,Samsung A53 5G Smartphone SM-A536EZOGXSP| 8GB RAM| 128GB| Peach,S$598.00,,
https://m.media-amazon.com/images/I/519tyo4B1YL._AC_UL320_.jpg,Samsung Galaxy Z Flip F700 Smartphone| 256GB| 8GB RAM| 6.7"| Mirror Purple,S$1'765.50,3.9 ,19
https://m.media-amazon.com/images/I/81t+Gw2149L._AC_UL320_.jpg,SAMSUNG SM-G991BZAGXSP Galaxy S21 5G Smartphone| 6.2" AMOLED| 8GB RAM| 256GB ROM| Android 10 OS| Phantom Gray,S$1'248.00,4.2 ,4
https://m.media-amazon.com/images/I/819uC4RPY-L._AC_UL320_.jpg,Samsung A53 5G Smartphone SM-A536EZKHXSP| 8GB RAM| 256GB| Black,S$678.00,,
https://m.media-amazon.com/images/I/812DDJ278nL._AC_UL320_.jpg,Samsung Galaxy S22 Ultra 5G Smartphone SM-S908E/DS| 12GB RAM| 512GB ROM| Burgundy,S$1'840.87,4.4 ,15
https://m.media-amazon.com/images/I/81eIvfvn-vL._AC_UL320_.jpg,Samsung Galaxy S22 Ultra 5G Smartphone SM-S908E/DS| 12GB RAM| 256GB ROM| Black,S$1'599.00,4.4 ,15
https://m.media-amazon.com/images/I/812DDJ278nL._AC_UL320_.jpg,Samsung Galaxy S22 Ultra 5G Smartphone SM-S908E/DS| 12GB RAM| 256GB ROM| Burgundy,S$1'599.00,4.4 ,15
https://m.media-amazon.com/images/I/81H6cL2Wp9L._AC_UL320_.jpg,SAMSUNG SM-G996BZKGXSP Galaxy S21+ 5G Smartphone| 6.7" AMOLED| 8GB RAM| 256GB ROM| Android 10 OS| Phantom Black,S$1'498.00,5.0 ,1
https://m.media-amazon.com/images/I/819uC4RPY-L._AC_UL320_.jpg,Samsung A53 5G Smartphone SM-A536EZKGXSP| 8GB RAM| 128GB| Black,S$598.00,,
https://m.media-amazon.com/images/I/81HcBYi3IFL._AC_UL320_.jpg,Samsung A53 5G Smartphone SM-A536ELBGXSP| 8GB RAM| 128GB| Blue,S$598.00,,
https://m.media-amazon.com/images/I/81HcBYi3IFL._AC_UL320_.jpg,Samsung A53 5G Smartphone SM-A536ELBHXSP | 8GB RAM| 256GB| Blue,S$678.00,,
https://m.media-amazon.com/images/I/81ikLskZfJL._AC_UL320_.jpg,Samsung A53 5G Smartphone SM-A536EZWHXSP| 8GB RAM| 256GB| White,S$678.00,,
https://m.media-amazon.com/images/I/81ikLskZfJL._AC_UL320_.jpg,Samsung A53 5G Smartphone SM-A536EZWGXSP| 8GB RAM| 128GB| White,S$598.00,,
https://m.media-amazon.com/images/I/81Q3UEJouWL._AC_UL320_.jpg,Samsung Galaxy S22 Ultra 5G Smartphone SM-S908E/DS| 12GB RAM| 256GB ROM| Green,S$1'640.00,4.4 ,15
https://m.media-amazon.com/images/I/51BOH3d2bCL._AC_UL320_.jpg,Samsung Galaxy S20 Ultra 5G Smartphone| 64-bit Octa-Core| 8 GB| 128 GB ROM| 6.9" Display| Android 10| Cosmic Grey,S$1'055.50,3.7 ,6
https://m.media-amazon.com/images/I/816xGeKghbL._AC_UL320_.jpg,Samsung A53 5G Smartphone SM-A536EZOHXSP| 8GB RAM| 256GB| Peach,S$678.00,,
https://m.media-amazon.com/images/I/71RxOftVoQL._AC_UL320_.jpg,Samsung Galaxy S20 FE 5G | Factory Unlocked Android Cell Phone | 128 GB | US Version Smartphone | Pro-Grade Camera| 30X Space Zoom| Night Mode | Cloud Navy,S$835.06,4.5 ,5'627
https://m.media-amazon.com/images/I/31Z5wPVPuXL._AC_UL320_.jpg,Samsung Galaxy Z Flip F700 Smartphone| 256GB| 8GB RAM| 6.7"| Mirror Gold,S$1'765.50,3.9 ,19
https://m.media-amazon.com/images/I/81w5c6Di2yL._AC_UL320_.jpg,SAMSUNG SM-G991BZWGXSP Galaxy S21 5G Smartphone| 6.2" AMOLED| 8GB RAM| 256GB ROM| Android 10 OS| Phantom White,S$1'248.00,4.0 ,1
https://m.media-amazon.com/images/I/811ST1YopeL._AC_UL320_.jpg,Samsung Galaxy S22+ 5G Smartphone SM-S906E/DS| 8GB RAM| 128GB ROM| Green,S$1'468.00,4.4 ,15
https://m.media-amazon.com/images/I/71Ig9GDPl1L._AC_UL320_.jpg,Samsung Galaxy S22 5G Smartphone SM-S901E/DS | 8GB RAM| 128GB ROM| Green,S$1'178.00,4.4 ,15
https://m.media-amazon.com/images/I/81bUJP03tOL._AC_UL320_.jpg,Samsung Galaxy S22+ 5G Smartphone SM-S906E/DS| 8GB RAM| 256GB ROM| White,S$1'568.00,4.4 ,15
https://m.media-amazon.com/images/I/811ST1YopeL._AC_UL320_.jpg,Samsung Galaxy S22+ 5G Smartphone SM-S906E/DS| 8GB RAM| 256GB ROM| Green,S$1'568.00,4.4 ,15
https://m.media-amazon.com/images/I/71+HR67VEML._AC_UL320_.jpg,Samsung Galaxy S22+ 5G Smartphone SM-S906E/DS| 8GB RAM| 256GB ROM| Pink Gold,S$1'568.00,4.4 ,15
https://m.media-amazon.com/images/I/71J7-UbeoUL._AC_UL320_.jpg,Samsung Galaxy S22 5G Smartphone SM-S901E/DS| 8GB RAM| 256GB ROM| White,S$1'195.00,4.4 ,15
https://m.media-amazon.com/images/I/818EWKOQmaL._AC_UL320_.jpg,Samsung Galaxy S22+ 5G Smartphone SM-S906E/DS| 8GB RAM| 128GB ROM| Black,S$1'468.00,4.4 ,15
https://m.media-amazon.com/images/I/81Q3UEJouWL._AC_UL320_.jpg,Samsung Galaxy S22 Ultra 5G Smartphone SM-S908E/DS| 12GB RAM| 512GB ROM| Green,S$1'998.00,4.4 ,15
https://m.media-amazon.com/images/I/81eIvfvn-vL._AC_UL320_.jpg,Samsung Galaxy S22 Ultra 5G Smartphone SM-S908E/DS| 12GB RAM| 512GB ROM| Black,S$1'998.00,,
https://m.media-amazon.com/images/I/71Ig9GDPl1L._AC_UL320_.jpg,Samsung Galaxy S22 5G Smartphone SM-S901E/DS| 8GB RAM| 256GB ROM| Green,S$1'255.00,4.4 ,15
https://m.media-amazon.com/images/I/818EWKOQmaL._AC_UL320_.jpg,Samsung Galaxy S22+ 5G Smartphone SM-S906E/DS| 8GB RAM| 256GB ROM| Black,S$1'422.00,4.4 ,15
https://m.media-amazon.com/images/I/81xLa4rEd5L._AC_UL320_.jpg,SAMSUNG SM-A326BZBHXSP Galaxy A32 5G (8GB + 128GB) Awesome Blue,S$428.00,,
https://m.media-amazon.com/images/I/81qPZCuRYJL._AC_UL320_.jpg,Samsung Galaxy S22 Ultra 5G Smartphone SM-S908E/DS| 12GB RAM| 256GB ROM| White,S$1'599.00,4.4 ,15
https://m.media-amazon.com/images/I/71+HR67VEML._AC_UL320_.jpg,Samsung Galaxy S22+ 5G Smartphone SM-S906E/DS| 8GB RAM| 128GB ROM| Pink Gold,S$1'360.00,4.4 ,15
https://m.media-amazon.com/images/I/81bUJP03tOL._AC_UL320_.jpg,Samsung Galaxy S22+ 5G Smartphone SM-S906E/DS| 8GB RAM| 128GB ROM| White,S$1'468.00,4.4 ,15
https://m.media-amazon.com/images/I/81p+WR4Wg7L._AC_UL320_.jpg,SAMSUNG SM-G991BZIGXSP Galaxy S21 5G Smartphone| 6.2" AMOLED| 8GB RAM| 256GB ROM| Android 10 OS| Phantom Pink,S$899.00,5.0 ,1
https://m.media-amazon.com/images/I/61ebOj0y+IL._AC_UL320_.jpg,SAMSUNG GALAXY A53 5G USER GUIDE: Beginner Step By Step Guide For Optimal Performance That Will Transform You from a Newbie to a PRO,S$26.81,,
https://m.media-amazon.com/images/I/71PSTWCPOrL._AC_UL320_.jpg,SAMSUNG GALA A13 5G FRIENDLY USER GUIDE: Master the new Samsung Galaxy A13 5g smartphone with this comprehensive user guide,S$30.64,,
https://m.media-amazon.com/images/I/61Q3IM0ceDL._AC_UL320_.jpg,Samsung S22 For Seniors: Getting Started With the S22 and S22 Ultra,S$27.72,,
https://m.media-amazon.com/images/I/619R8rumohL._AC_UL320_.jpg,SAMSUNG GALAXY A52| A72 AND S21 QUICK BOOK FOR BEGINNERS: Fast and Easy Way to Master the Samsung Galaxy Smartphone Devices with and Common Problems,S$23.13,,
https://m.media-amazon.com/images/I/811KA14ReNL._AC_UL320_.jpg,SAMSUNG SM-G998BZKGXSP Galaxy S21 Ultra 5G Smartphone| 6.8" AMOLED| 12GB RAM| 256GB ROM| Android 10 OS| Phantom Black,S$2'094.00,4.3 ,86
https://m.media-amazon.com/images/I/813t2y6C3QL._AC_UL320_.jpg,SAMSUNG SM-A326BLVHXSP Galaxy A32 5G (8GB + 128GB) Awesome Light Violet,S$428.00,4.0 ,1
https://m.media-amazon.com/images/I/81M5KXgJcpL._AC_UL320_.jpg,Samsung Galaxy S22 5G Smartphone SM-S901E/DS| 8GB RAM| 256GB ROM| Black,S$1'255.00,4.4 ,15
https://m.media-amazon.com/images/I/71TUxq7OTTL._AC_UL320_.jpg,Samsung Galaxy S22 5G Smartphone SM-S901E/DS| 8GB RAM| 256GB ROM| Pink Gold,S$1'255.00,4.4 ,15
https://m.media-amazon.com/images/I/81RVkgNJ8SL._AC_UL320_.jpg,SAMSUNG SM-G991BZVGXSP Galaxy S21 5G Smartphone| 6.2" AMOLED| 8GB RAM| 256GB ROM| Android 10 OS| Phantom Violet,S$899.00,4.0 ,1
https://m.media-amazon.com/images/I/71Lw7yyFs4S._AC_UL320_.jpg,SAMSUNG SM-A226BLVHXSP Galaxy A22 5G Light Violet,S$289.00,4.2 ,13
https://m.media-amazon.com/images/I/61LH5HJgHFL._AC_UL320_.jpg,Samsung EP-TA800NWEGGB Super Fast Travel Adapter without Cable| 25W| White,S$23.50,4.5 ,123
https://m.media-amazon.com/images/I/512lq0B7kPL._AC_UL320_.jpg,Ismartgate Pro Smart Wi-Fi Gate Opener Compatible with Amazon Alexa| Google Home| Apple Homekit| Samsung Smartthings and IFTTT,S$272.35,3.8 ,42
https://m.media-amazon.com/images/I/61XlDaL0ccL._AC_UL320_.jpg,SAMSUNG EP-TA800NBEGGB 25W PD Travel Adapter| Black,S$23.50,4.5 ,1'281
https://m.media-amazon.com/images/I/71KHWlNrhdL._AC_UL320_.jpg,Samsung Galaxy S22| S22+| and S22 Ultra 5g User Guide: A Comprehensive Manual with Pictures on How to Operate and Set up Samsung Galaxy S22| S22+| and S22 Ultra Device with Tips and Tricks,S$18.97,,
https://m.media-amazon.com/images/I/71RV8XJfgNL._AC_UL320_.jpg,Samsung Galaxy S20 & S20 Plus: 2020-2021 User's Guide to Master Your Samsung Galaxy. 40 Best Tips and Tricks for your Android Phone Included,S$20.57,3.0 ,2
https://m.media-amazon.com/images/I/81Z4-dfQEUL._AC_UL320_.jpg,Samsung Galaxy S22 For Dummies,S$43.08,,
https://m.media-amazon.com/images/I/51jxFxNODGL._AC_UL320_.jpg,Samsung Galaxy A22 5G: An easy guide to the Samsung Galaxy A22 5G smartphone,S$25.06,,
https://m.media-amazon.com/images/I/71MJbjefdlL._AC_UL320_.jpg,Samsung Galaxy A12 for Beginners: An easy guide to the samsung galaxy A12 5G smartphone,S$26.81,3.5 ,3
https://m.media-amazon.com/images/I/51wqCwIknNL._AC_UL320_.jpg,DIGITMON Fast Charging Premium 5-PIN Mini USB Cable Variation for Smartphone Android Samsung Mobile GoPro Digital Camera Calculator MP3 Navigator (3 Feet),S$13.29,,
https://m.media-amazon.com/images/I/61jMqKo0UPL._AC_UL320_.jpg,Aluminum Alloy Mobile Phone Clip Holder Extendable Phone Clip Bracket Stand for iPhone 11/11 Pro/XS Max/XS/XR/X/8/7| Samsung and Smartphone,S$130.99,,
https://m.media-amazon.com/images/I/618LuqyIX6L._AC_UL320_.jpg,Samsung Galaxy A12 (A127M) 64GB Dual SIM| GSM Unlocked| (CDMA Verizon/Sprint Not Supported) Smartphone Latin American Version No Warranty (Omega Fast Car Charger Bundle) (Blue),S$245.93,4.2 ,13
https://m.media-amazon.com/images/I/71G48FPKH1L._AC_UL320_.jpg,Samsung SM-F711B Galaxy Z Flip 3 5G Android Smartphone 8GB RAM (Black| 256GB),S$245.93,,
https://m.media-amazon.com/images/I/41GsMAs+P3L._AC_UL320_.jpg,Samsung SM-F711B Galaxy Z Flip 3 5G Android Smartphone 8GB RAM (Cream| 256GB),S$1'099.00,,
https://m.media-amazon.com/images/I/81G5r8pjfDL._AC_UL320_.jpg,SAMSUNG SM-A326BZKHXSP Galaxy A32 5G| Black| (8GB + 128GB),S$398.00,,
https://m.media-amazon.com/images/I/71XmFW5dvLL._AC_UL320_.jpg,SAMSUNG SM-G975FCKGXSP Galaxy S10+| Ceramic Black| 512GB,S$1'798.00,4.0 ,1
https://m.media-amazon.com/images/I/61U6oC65TTL._AC_UL320_.jpg,Samsung Galaxy S22 Ultra Smartphone| Factory Unlocked Android Cell Phone| 512GB| 8K Camera & Video| Brightest Display| S Pen| Long Battery Life| Fast 4nm Processor| US Version| Phantom Black,S$2'599.00,4.5 ,382
https://m.media-amazon.com/images/I/61Q4Oxyus6L._AC_UL320_.jpg,2.4GHz Wireless Microphone System Two Transmitters for USB-C Devices| Saramonic Ultracompact Dual-channel Mic for Type-C Smartphones Pad Tablet Huawei Mate 10 Samsung Galaxy Note 9 Plus Xiaomi LG Live,S$302.97,4.4 ,129
https://m.media-amazon.com/images/I/710UX4v25tL._AC_UL320_.jpg,Comica CVM-WS60 Combo Smartphone Wireless Lavalier Lapel Microphone with Rechargeable Battery| 194ft Working Range| Wireless Lav mics for iPhone X|11 Pro|Samsung Huawei Android Phones| Camera etc.,S$443.08,,
https://m.media-amazon.com/images/I/61T0hibp0CS._AC_UL320_.jpg,BOYA Microphones by-M1 Compact Smartphone Camera DSLR Lavalier Microphones for iPhone Android Samsung Sony Nikon (19.7ft),S$20.93,4.2 ,136
https://m.media-amazon.com/images/I/71vmrG-r6tS._AC_UL320_.jpg,Mini WiFi Projector Portable 7000 Lumen - LED Video Projectors 1080P Full HD for Samsung iPhone Smartphone Wireless Projector HDMI 75000 Hours Multimedia Home Projector Movie Office Theater,S$302.49,,
https://m.media-amazon.com/images/I/71zUOMJSpSL._AC_UL320_.jpg,Screen Opening Tool| Fosmon LCD Screen Opening Pliers Splitter with Strong Swivel Suction Cups Repairing Tools Separator for Apple iPhone| iPod| iPad| Samsung Galaxy| Smartphone & More,S$240.00,4.1 ,574
https://m.media-amazon.com/images/I/61mMog14K3L._AC_UL320_.jpg,SMODO-209 10W Qi Wireless Charger Mouse Pad for Samsung Galaxy| Galaxy Note| Android Smartphone| Apple iPhone| Smart Devices… (Black),S$40.46,,
https://m.media-amazon.com/images/I/61fjo9RdGDL._AC_UL320_.jpg,SOTEFE Mini Projector Portable 4500 Lumens-WiFi Video Projector 1080P Full HD For iPhone Samsung Smartphone Tablet Wireless Projector Home Office Theater Movie TV-Box|HDMI|USB|TF/SD Card|VGA|AV Audio,S$115.00,,
https://m.media-amazon.com/images/I/615wnO3NwxL._AC_UL320_.jpg,SOTEFE® WiFi Mini Projector Portable 6000 Lumens -WiFi Video Projector 1080P Full HD For iPhone Samsung Smartphone Wireless Projector Home Office Theater Movie TV-Box|HDMI|USB|TF/SD Card|VGA|AV Audio,S$129.00,,
https://m.media-amazon.com/images/I/71SS-XCpJTL._AC_UL320_.jpg,Tablet Holder and Cookbook Stand| Bake Design| By Boston Warehouse,S$39.30,4.7 ,1'100
https://m.media-amazon.com/images/I/41CyCAddZjL._AC_UL320_.jpg,QRYY Bicycle Phone Holder Car Phone Mount Air Vent for iPhone X/8/7/6s/Plus/5S/Samsung S8/S7/Note and other Smartphones(Black),S$150.13,,
https://m.media-amazon.com/images/I/31vJriMiitL._AC_UL320_.jpg,Wall Mounted Mobile Phone Fill Light Ring Light for iPhone Clip on Selfie Light for Girl Makeup Live Stream Camera Video Photography Light for Samsung Smartphone|Pink|Colour Name:Green 壁挂式,S$120.10,,
https://m.media-amazon.com/images/I/31zhsffOGiL._AC_UL320_.jpg,HD macro 25mm mobile phone lens 10X travel camera phone external macro lens| suitable for most smartphones| iPhone Samsung Android Huawei iPad,S$120.10,,
https://m.media-amazon.com/images/I/41P6ZKuYZqL._AC_UL320_.jpg,Universal Smart Phone Jig Holder Work Station Mobile Phone Repair Tool Hand Tool for iPhone for Samsung,S$90.99,,
https://m.media-amazon.com/images/I/41EV31bs4fL._AC_UL320_.jpg,ESD Safe Brush PCB Circuit Board Cleaning Brush for iPhone iPad Samsung Smart Phone Motherboard Logic Board Repair Tools,S$89.99,,
https://m.media-amazon.com/images/I/51AVACHXHOL._AC_UL320_.jpg,HD Phone Lens Professional Camera Lens Kits| Wide Angle Lens & Macro Lens & Fisheye lens 3 in1 kit for iPhone/Huawei/Samsung and Most Smartphone,S$89.99,,
https://m.media-amazon.com/images/I/71DGeMUOdZL._AC_UL320_.jpg,TNP 16 in 1 Sets 16-piece Repair Opening Pry Tools Precision Screwdriver Kit Set for iPhone X iPhone 8/8 Plus 7/7 Plus 6s/ 6s Plus 6/6 Plus iPad iPod Touch Samsung Android Smartphone & Other Device,S$141.32,3.8 ,18
https://m.media-amazon.com/images/I/51XyVUe1UjL._AC_UL320_.jpg,Universal Battery Charger| Universal External Battery Charger For Samsung S3 S4 Smartphone| with LED Power Indicator| PC material| fireproof and shatterproof| black,S$86.99,,
https://m.media-amazon.com/images/I/51mQNT0eiSL._AC_UL320_.jpg,Mobile Phone LCD Screen Opening Pliers with Strong Suction Cups for iPhone Samsung Smartphone Repair Tool,S$80.99,,
https://m.media-amazon.com/images/I/51ucIECh8iL._AC_UL320_.jpg,50Pcs Microfiber Cloth Cleaning Stick Phone Charging Port & Earphone Jack Cleaner for iPhone Samsung Android Smartphone,S$85.99,,
https://m.media-amazon.com/images/I/51l9KKMsG-L._AC_UL320_.jpg,200 Pcs Disposable Cotton Swab for AirPods Cleaning Tools for iPhone Samsung OnePlus Smart Phone Charging Port Earphone Repair,S$80.99,,
https://m.media-amazon.com/images/I/41Ws1ZHXLmL._AC_UL320_.jpg,Mobile Phone Battery Pry Card Opening Tools for iPhone iPad Samsung Tablet Android Smartphone Battery Removal Repair Tool,S$86.99,,
https://m.media-amazon.com/images/I/614d2lQP0hL._AC_UL320_.jpg,Samsung SmartThings Hub 3rd Generation [GP-U999SJVLGDA] Smart Home Automation Hub Home Monitoring Smart Devices - Alexa Google Home Compatible - Zigbee| Z-Wave| Cloud to Cloud Protocols – White,S$86.99,,
https://m.media-amazon.com/images/I/41Jant0WiDL._AC_UL320_.jpg,1.5mm PH000 Phillips Precision Magnetic Screwdriver for iPhone Samsung Smart Phone Laptop Glasses Repair Tools,S$76.99,,
https://m.media-amazon.com/images/I/51GENjBumQL._AC_UL320_.jpg,100pcs/Bag Cotton Swab Cleaning Tools for iPhone iPad Samsung Smartphone Charging Port & Headphone Hole Cleaner,S$75.99,,
https://m.media-amazon.com/images/I/41FzBEvnQOL._AC_UL320_.jpg,2Pcs Heavy Duty Plastic Scraper Pry Opening Tool for iPhone Samsung Android Smart Phone Battery Removal Repair Tools Set,S$74.99,,
https://m.media-amazon.com/images/I/51EjVbHLE-L._AC_UL320_.jpg,10Pcs 30mm Durable Plastic Guitar Picks Screen Opening Tool for iPhone Samsung Smart Phone Laptop Housing Cover Prying Tools,S$77.99,,
https://m.media-amazon.com/images/I/513jdKigFfL._AC_UL320_.jpg,3Pcs Plastic Scraper Pry Opener Opening Tool Kit for iPhone iPad Samsung Smartphone Tablet Laptop Battery Removal Repair Tools,S$79.99,,
https://m.media-amazon.com/images/I/81QCY8r5HgL._AC_UL320_.jpg,SAMSUNG G996 S21+ 5G| Phantom SIlver Smartphone| 6.7" Display| 8GB RAM| 256GB ROM| Octa-Core Processor| Android 10| Phantom Silver,S$1'218.00,3.5 ,10
https://m.media-amazon.com/images/I/817aOXLoNpL._AC_UL320_.jpg,Samsung Galaxy S22 Ultra Smartphone| Factory Unlocked Android Cell Phone| 128GB| 8K Camera & Video| Brightest Display| S Pen| Long Battery Life| Fast 4nm Processor| US Version| Phantom White,S$1'759.19,4.5 ,382
https://m.media-amazon.com/images/I/813t2y6C3QL._AC_UL320_.jpg,SAMSUNG SM-A326BLVVXSP Galaxy A32 5G (4GB + 128GB) Awesome Light Violet,S$345.00,5.0 ,1
https://m.media-amazon.com/images/I/71glsjt69FL._AC_UL320_.jpg,Foxsun Multi USB Charging Cable|3.3 ft/1m 3 in 1 Mutiple USB Charger Cable with 8Pin Lightning/USB Type C/Micro USB Connector for iPhone| Samsung| LG| Nexus Smartphones and More-MFI Certified-Black,S$14.53,4.2 ,17
https://m.media-amazon.com/images/I/41hj9IN1ocL._AC_UL320_.jpg,Belkin MIXIT? Micro USB Cable for Samsung Phones (Black| 9.8 Feet),S$14.53,,
https://m.media-amazon.com/images/I/61m0Xn5ZQuL._AC_UL320_.jpg,Samsung Galaxy USB-C Cable (USB-C to USB-C) - White- US Version with Warranty,S$24.46,4.5 ,243
https://m.media-amazon.com/images/I/61cJYad+G9L._AC_UL320_.jpg,MoKo USB 2.0 Cable| Micro USB to USB 2.0 Cord (10ft / 3M)| High Speed Sync & Charging| for Android Samsung| HTC| Nexus| Sony and More Smartphone Tablet| Black,S$6.98,3.8 ,54
https://m.media-amazon.com/images/I/81cez6RPbBL._AC_UL320_.jpg,Macally Windshield Phone Mount| Adjustable Suction Cup Window Mount Phone Holder for iPhone XS XS Max XR X 8 Plus 7+ 6s 6 Plus SE Samsung Galaxy Note9 S9 S9+ S8 Note 5 Nexus Xperia Moto Smartphones,S$33.25,3.7 ,90
https://m.media-amazon.com/images/I/61yQcCGu++L._AC_UL320_.jpg,Satechi Universal Smartphone CD Slot Mount - Compatible with iPhone 11 Pro Max/11 Pro/11| XS Max/XS/XR/X| Samsung Galaxy S10 Plus/S10| Nexus 5X/6P,S$24.99,4.2 ,2'211
https://m.media-amazon.com/images/I/61IKwuO5jpL._AC_UL320_.jpg,iOttie Easy One Touch 5 Cup Holder Universal Car Mount Phone Holder for iPhone| Samsung| Moto| Huawei| Nokia| LG| Smartphones,S$55.50,4.5 ,1'522
https://m.media-amazon.com/images/I/816jn2Wtx8L._AC_UL320_.jpg,iOttie Wireless Car Charger Auto Sense Qi Charging Automatic Clamping Dashboard Phone Mount for iPhone| Samsung Galaxy| Huawei| LG| Smartphones,S$55.04,4.3 ,3'121
https://m.media-amazon.com/images/I/51rTi3FpNHL._AC_UL320_.jpg,FIDQ VR Remote Controller Gamepad| Bluetooth Control VR Video| Film| Game| Selfie| Flip E-book/PPT/Nook page| in Virtual Reality Headset 3D Glasses PC Tablet laptop Samsung Gear VR IOS Smart Phone,S$10.09,,
https://m.media-amazon.com/images/I/61PFSCJt3fL._AC_UL320_.jpg,GeeekPi NS05 Switch Dock Set for Gulikit| Portable TV Dock for Nintendo Switch with USB-C PD Charging Stand| HDMI Adapter and Extra USB 3.0 Port| Support Smart Phones/Samsung DeX Mode/ Huawei PC Mode,S$50.58,3.6 ,66
https://m.media-amazon.com/images/I/619wm+N9msL._AC_UL320_.jpg,Magnifier 60-100X Telephoto Lens + 180° Cell Phone Microscope LED UV Light Jewelry Loupe Magnifier Loop Jeweler Eyeglass Microscope Smartphones Iphone Samsung And Tablets Portable Clip-,S$232.46,,
https://m.media-amazon.com/images/I/61RjTJ-NY6L._AC_UL320_.jpg,Magnifier 3D Hd Mobile Phone Screen Enlarge Magnifier| Movies Amplifier Practical Phone Bracket Stand Holder Compatible with iPhone|Samsung and More Smart Phones A/A,S$272.97,,
https://m.media-amazon.com/images/I/21R7eOkuRuL._AC_UL320_.jpg,15pcs NFC NTAG215 IC Card 13.56MHz Used for Amiibos Game Cards and Compatible with Samsung Sony LG Android All NFC-Enabled Smartphones and Devices - NTAG215|TagMo/Amiibo Compatible(12Pieces+3bonus),S$137.10,,
https://m.media-amazon.com/images/I/61EvijSrZVS._AC_UL320_.jpg,60 Times USB Microscope|LED Light HD Magnifier Jade Jewelry Coin Identification for iPhone| Samsung| LG and More Smartphones,S$86.16,,
https://m.media-amazon.com/images/I/51Q0DKq1vqL._AC_UL320_.jpg,Magnifier Screen Magnifier| 3D HD Phone Screen Magnifier Foldable Stand Holder 8.5 inch Hard Plsatic for All Smartphone iPhone Samsung Sony|Black,S$79.18,,
https://m.media-amazon.com/images/I/51hzQpHOPTL._AC_UL320_.jpg,Magnifying glass| 60 Times USB Microscope|LED Light HD Magnifier Jade Jewelry Coin Identification for iPhone| Samsung| LG and More Smartphones,S$60.07,,
https://m.media-amazon.com/images/I/61uajZXvyYL._AC_UL320_.jpg,Magnifying Glasses|Screen Magnifier 3d Smart Mobile Phone Movies Amplifier With Desktop Foldable Holder Stand For Any Smartphone| Iphone Samsung All Smart Phones,S$39.69,,
https://m.media-amazon.com/images/I/61UOlbo82fL._AC_UL320_.jpg,Microphone Preamp for Type-C Smartphone| Saramonic XLR to Type-C Microphone Audio Mixer with Phantom Power & Guitar Interface for Type-C Device Samsung Huawei Smartphone for Music Video Recording,S$229.74,3.0 ,11
https://m.media-amazon.com/images/I/71H1UyYwWUL._AC_UL320_.jpg,Movo Smartphone Podcast Recording Bundle Kit - 2 Pack Condenser Microphones| 2 Desktop Mic Stands| 2 Pop Filters| 2-Channel XLR Interface w/USB Type C Output Compatible with Android| Samsung Galaxy,S$229.74,,
https://m.media-amazon.com/images/I/61qD8XySlyL._AC_UL320_.jpg,Movo Professional Lavalier Lapel Clip-on Interview Podcast Microphone with Secondary Mic and Headphone Monitoring Input for iPhone| iPad| Samsung| Android Smartphones| Tablets - Podcast Equipment,S$46.44,4.3 ,814
https://m.media-amazon.com/images/I/71aCSQlqUTL._AC_UL320_.jpg,Wireless Microphone for USB-C/A Smartphone/Laptop| 7RYMS RimoMic Lite UC Plug & Play Wireless Lavalier Lapel Microhone for Samsung|Google Pixel Android Phone| Computer etc.(No Need App/Bluetooth),S$95.34,5.0 ,12
https://m.media-amazon.com/images/I/61Bqh7WkcTL._AC_UL320_.jpg,BOYA BY-M3D Digital Dual-Head Lavalier Omnidirectional Clip-on Microphone with USB Type-C Connector Compatible with iPad Pro| Samsung Galaxy| LG| Google Nexus| Other USB-C Type Smartphones,S$137.92,2.5 ,2
https://m.media-amazon.com/images/I/61QWKg1AwXS._AC_UL320_.jpg,Saramonic USB Type-C Omnidirectional Lavalier Microphone Length 6M for Android Smartphone iPad Pro MagicBook Samsung Galaxy A6s,S$54.75,,
https://m.media-amazon.com/images/I/71+Yg38w5YL._AC_UL320_.jpg,Lavalier Lapel Microphone Kit Clip On Omnidirectional Condenser Lav Mic for iPhone| Ipad| DSLR| Camcorder| Zoom/Tascam Recorder| PC| MacBook| Samsung Android| Smartphones,S$30.57,3.9 ,237
https://m.media-amazon.com/images/I/71pc90VxCxL._AC_UL320_.jpg,BOYA BY-M1DM Dual Lavalier Microphones| Omnidirectional Condenser Clip-on Lapel Mic for Camera DSLR iPhone Android Smartphone Samsung Huawei Sony Laptop Interview YouTube,S$41.00,4.2 ,417
https://m.media-amazon.com/images/I/71Ibb5+sGWL._AC_UL320_.jpg,BOYA by-MM1 Shotgun Microphone with PSC1 SmartGrip Selfie Stand with PL30 Light for iPhone X 8 7 7 Plus Samsung Android Smartphone SLR Camera Computer Tripod Vlog Facebook Livestream YouTube Video,S$139.31,3.1 ,10
https://m.media-amazon.com/images/I/61arSnn45jL._AC_UL320_.jpg,Velikon Lavalier Microphone for Android Devices with USB Type-C Connector Works with Samsung Galaxy Smartphones Tablets Omnidirectional Broadcast Clip-On Lapel Mic,S$95.39,,
https://m.media-amazon.com/images/I/41keb5Vw-gL._AC_UL320_.jpg,Auskang Lavalier Lapel Microphone for Type-C Phones|Professional Condenser Mic Omnidirectional Sound-collecting with Noise Shielded Cable(4.92ft) for YouTube|Video Recording|Interview|TikTok and more,S$18.99,,
https://m.media-amazon.com/images/I/51rlIVth6LL._AC_UL320_.jpg,Pyle Video Shotgun Microphone-Professional Cam Mounted Back Electret Condenser External Mic-Compatible for DSLR Camera Camcorder Smartphone iPhone w/ 3.5mm Connector-PylePro PMKSF32,S$164.50,3.5 ,31
https://m.media-amazon.com/images/I/41tHYlyFLpL._AC_UL320_.jpg,Type-C Professional Lavalier Lapel Microphone| CKMOVA LCM1C with Type-C connector for Android Smartphone| SamSung| LG| OPPO| Vivo| Xiaomi,S$56.85,,
https://m.media-amazon.com/images/I/61NG9g2d9ZS._AC_UL320_.jpg,Withings/Nokia Body Cardio – Heart Health & Body Composition Digital Wi-Fi Scale with smartphone app,S$205.23,4.3 ,4'832
https://m.media-amazon.com/images/I/61KvoJhPvxL._AC_UL320_.jpg,BACtrack C6 Keychain Breathalyzer | Professional-Grade Accuracy | Optional Wireless Connectivity to Apple iPhone| Google & Samsung Android Smartphone Devices | Apple HealthKit Integration,S$171.85,4.4 ,75
https://m.media-amazon.com/images/I/61AdbbStyoL._AC_UL320_.jpg,Samsung Galaxy S22 Series User’s Guide For Senior Citizens: A Comprehensive Guide to Unlock the True Potential of Your Galaxy S22| S22 Plus & S22 Ultra. Hidden Features to Master Samung One UI 4.1.,S$24.89,,
https://m.media-amazon.com/images/I/41plqX+rs-L._AC_UL320_.jpg,Smartphone: Mythos und Wahrheit (German Edition),S$12.07,,
https://m.media-amazon.com/images/I/71H4o5bakhL._AC_UL320_.jpg,Samsung Galaxy A32: Learn how to use the new Samsung galaxy A32 5G smartphone,S$34.40,3.0 ,1
https://m.media-amazon.com/images/I/410e4TpSVqL._AC_UL320_.jpg,Smartphones,S$8.43,,
https://m.media-amazon.com/images/I/61ZuyluYGvL._AC_UL320_.jpg,SAMSUNG GALAXY S22 ULTRA 5G USER GUIDE: The Well Compiled Guide with Tips and Tricks for Beginners and Seniors on How to Master Samsung Galaxy S22 Ultra 5G including the Hidden Features of this Device,S$22.98,,
https://m.media-amazon.com/images/I/51Eh5OTaSAL._AC_UL320_.jpg,Samsung Galaxy S9 For Dummies,S$27.89,4.2 ,169
https://m.media-amazon.com/images/I/51JAOd2TCPL._AC_UL320_.jpg,Samsung Galaxy S8 For Dummies,S$9.82,4.0 ,221
https://m.media-amazon.com/images/I/81CZCE3ZqnL._AC_UL320_.jpg,Samsung Galaxy S7 For Dummies,S$28.33,3.9 ,111
https://m.media-amazon.com/images/I/71aEYoSV4bL._AC_UL320_.jpg,Samsung Galaxy S6 for Dummies,S$28.26,3.8 ,76
https://m.media-amazon.com/images/I/61DEzFOUz7S._AC_UL320_.jpg,60-100X Telephoto Lens + 180° Cell Phone Microscope LED UV Light Jewelry Loupe Magnifier Loop Jeweler Eyeglass Microscope Smartphones iPhone Samsung and Tablets Portable Clip-On Micro Lens,S$80.61,,
https://m.media-amazon.com/images/I/51-bH5HyhvL._AC_UL320_.jpg,Shelf Retractable Bracket Mobile Phone Multi functional Small Tablet Bath Caddy For Your Book Smartphone Storage Small Table zghzsc,S$356.58,,
https://m.media-amazon.com/images/I/61fiJz1U0BL._AC_UL320_.jpg,Shelf| Mirror Tray Tub with Tray| Bamboo Tub Tray| Tablet or Smartphone Stand Space Saving and Easy to Install zghzsc,S$378.61,,
https://m.media-amazon.com/images/I/71k2pZBpLjL._AC_UL320_.jpg,Cell Phone Stand Holder Mobile Phone Dock Compatible for iPhone 12 Pro Max 11 SE XS XR 8 Plus 6 7| Samsung Galaxy Note20 S20 S10 S9 S8 Android Smartphone Holder Desk Adjustable Foldable (Black),S$29.47,3.0 ,1
https://m.media-amazon.com/images/I/51gCaP89vqS._AC_UL320_.jpg,MyBat Pro - Halo Series Smartphone Case for Samsung Galaxy S21 - Protective Case for Cell Phone - Black,S$25.75,,
https://m.media-amazon.com/images/I/61hO0cEC4SS._AC_UL320_.jpg,Xiaomi Black Shark 3 Ultimate Gaming Smartphone| 8GB+128GB Midnight Black,S$798.00,,
https://m.media-amazon.com/images/I/61hO0cEC4SS._AC_UL320_.jpg,Xiaomi Black Shark 3 Ultimate Gaming Smartphone| 12GB+256GB| Midnight Black,S$898.00,,
https://m.media-amazon.com/images/I/81idx0BUTbL._AC_UL320_.jpg,SAMSUNG G998 S21Ultra 5G| Phantom SIlver Smartphone| 6.7" Display| 12GB RAM| 256GB ROM| Octa-Core Processor| Android 10| Phantom Silver,S$1'798.00,2.8 ,2
https://m.media-amazon.com/images/I/71c7gI3RRqL._AC_UL320_.jpg,SAMSUNG SM-N980FZNGXSP Galaxy Note20 Mobile Phone| Bronze| AMOLED,S$1'398.00,4.2 ,41
https://m.media-amazon.com/images/I/81FlSkX6tPL._AC_UL320_.jpg,SAMSUNG SM-G996BZVGXSP Galaxy S21+ 5G Smartphone| 6.7" AMOLED| 8GB RAM| 256GB ROM| Android 10 OS| Phantom Violet,S$1'585.00,,
https://m.media-amazon.com/images/I/81xLa4rEd5L._AC_UL320_.jpg,SAMSUNG SM-A326BZBVXSP Galaxy A32 5G| Blue| (4GB + 128GB),S$345.00,,
https://m.media-amazon.com/images/I/31cM0f501yL._AC_UL320_.jpg,SAMSUNG SAM GAL A52s 5G 8/256GB AWESOME BLACK,S$528.00,,
https://m.media-amazon.com/images/I/71G48FPKH1L._AC_UL320_.jpg,Samsung SM-F711B Galaxy Z Flip 3 5G Android Smartphone 8GB RAM (Black| 128GB),S$1'044.00,,
https://m.media-amazon.com/images/I/81AT+Flc+EL._AC_UL320_.jpg,Samsung Galaxy Note 20 Ultra 5G Factory Unlocked Android Cell Phone 128GB US Version Mobile Gaming Smartphone Long-Lasting Battery| Mystic Bronze,S$2'070.27,4.6 ,4'358
https://m.media-amazon.com/images/I/71us6z2WFgL._AC_UL320_.jpg,Samsung Electronics Galaxy Z Fold 3 Phone Case| Aramid Protective Cover| Heavy Duty| Shockproof Smartphone Protector| US Version| Black (EF-XF926SBEGUS),S$99.80,4.2 ,48
https://m.media-amazon.com/images/I/31cM0f501yL._AC_UL320_.jpg,SAMSUNG SAM GAL A52s 5G 8/128GB AWESOME BLACK,S$415.00,,
https://m.media-amazon.com/images/I/811KA14ReNL._AC_UL320_.jpg,SAMSUNG SM-G998BZKHXSP Galaxy S21 Ultra 5G Smartphone| 6.8" AMOLED| 16GB RAM| 512GB ROM| Android 10 OS| Phantom Black,S$1'998.00,,
https://m.media-amazon.com/images/I/71MFE2UY6-L._AC_UL320_.jpg,Samsung Electronics Galaxy Z Fold 3 5G Factory Unlocked Android Cell Phone US Version Smartphone Tablet 2-in-1 Foldable Dual Screen Under Display Camera 256GB Storage| Phantom Black,S$2'198.39,4.5 ,382
https://m.media-amazon.com/images/I/51gU4SWOK6L._AC_UL320_.jpg,Samsung SM-F711B Galaxy Z Flip 3 5G Android Smartphone 8GB (Cream| 128GB),S$1'194.00,,
https://m.media-amazon.com/images/I/71Wkk4n9olL._AC_UL320_.jpg,Samsung Galaxy S22 Ultra Smartphone| Factory Unlocked Android Cell Phone| 256GB| 8K Camera & Video| Brightest Display| S Pen| Long Battery Life| Fast 4nm Processor| US Version| Burgundy,S$1'905.62,4.5 ,382
https://m.media-amazon.com/images/I/81SJ62WEHEL._AC_UL320_.jpg,SAMSUNG SM-A125FZKHXSP Galaxy A12| Black| 128GB,S$198.00,4.0 ,384
https://m.media-amazon.com/images/I/71hMsWnSN2S._AC_UL320_.jpg,SAMSUNG SM-A226BZAHXSP Galaxy A22 5G Gray,S$285.00,3.9 ,4
https://m.media-amazon.com/images/I/71Wkk4n9olL._AC_UL320_.jpg,Samsung Electronics Galaxy S22 Ultra Smartphone| Factory Unlocked Android Cell Phone| 512GB| 8K Camera & Video| Brightest Display| S Pen| Long Battery Life| Fast 4nm Processor| US Version| Burgundy,S$2'799.00,4.5 ,382
https://m.media-amazon.com/images/I/61tRZ4InstL._AC_UL320_.jpg,SAMSUNG SM-N986BZWGXSP Galaxy Note20 Ultra 5G Smartphone| 6.9" AMOLED| 12GB RAM| 256GB ROM| Android 10 OS| Mystic White,S$2'435.00,,
https://m.media-amazon.com/images/I/61nhOdlKpDL._AC_UL320_.jpg,Samsung Galaxy S22 Ultra Smartphone| Factory Unlocked Android Cell Phone| 512GB| 8K Camera & Video| Brightest Display| S Pen| Long Battery Life| Fast 4nm Processor| US Version| Green,S$1'965.15,4.5 ,382
https://m.media-amazon.com/images/I/61nhOdlKpDL._AC_UL320_.jpg,Samsung Galaxy S22 Ultra Smartphone| Factory Unlocked Android Cell Phone| 256GB| 8K Camera & Video| Brightest Display| S Pen| Long Battery Life| Fast 4nm Processor| US Version| Green,S$2'429.00,4.5 ,382
https://m.media-amazon.com/images/I/712iry8nIYL._AC_UL320_.jpg,SAMSUNG Galaxy S20 FE 5G Factory Unlocked Android Cell Phone 128GB US Version Smartphone Pro-Grade Camera 30X Space Zoom Night Mode| Cloud Mint Green,S$1'135.04,4.5 ,5'627
https://m.media-amazon.com/images/I/71ouXIR8m+L._AC_UL320_.jpg,SAMSUNG Galaxy S20 FE 5G Factory Unlocked Android Cell Phone 128GB US Version Smartphone Pro-Grade Camera 30X Space Zoom Night Mode| Cloud Lavender,S$847.07,4.5 ,5'627
https://m.media-amazon.com/images/I/71rz4HOmjDL._AC_UL320_.jpg,SAMSUNG SM-N981BZGGXSP Galaxy Note20 5G 256GB| Green| AMOLED,S$1'548.00,4.2 ,41
https://m.media-amazon.com/images/I/61U6oC65TTL._AC_UL320_.jpg,Samsung Galaxy S22 Ultra Smartphone| Factory Unlocked Android Cell Phone| 128GB| 8K Camera & Video| Brightest Display| S Pen| Long Battery Life| Fast 4nm Processor| US Version| Phantom Black,S$1'760.17,4.5 ,382
https://m.media-amazon.com/images/I/71t0S9EbMuL._AC_UL320_.jpg,SAMSUNG PRO Plus + Adapter 512GB microSDXC Up to 160MB/s UHS-I| U3| A2| V30| Full HD & 4K UHD Memory Card for Android Smartphones| Tablets| Go Pro and DJI Drone (MB-MD512KA/AM),S$185.03,4.7 ,67
https://m.media-amazon.com/images/I/51w-B6ctICL._AC_UL320_.jpg,Samsung Galaxy S8| 64GB| Maple Gold,S$1'148.00,4.2 ,82
https://m.media-amazon.com/images/I/81vV3hbn8jL._AC_UL320_.jpg,SAMSUNG SM-A125FZBHXSP Galaxy A12| Blue| 128GB,S$198.00,4.1 ,248
https://m.media-amazon.com/images/I/31mj8IFVNbL._AC_UL320_.jpg,SAMSUNG SAM GAL A52s 5G 8/128GB AWESOME VIOLET,S$415.00,,
https://m.media-amazon.com/images/I/61QAWywdmQL._AC_UL320_.jpg,SAMSUNG Galaxy Z Fold3 5G 256GB Black,S$1'699.00,,
https://m.media-amazon.com/images/I/71pjGN8WsoL._AC_UL320_.jpg,SAMSUNG Galaxy S8 64GB Phone - 5.8in Unlocked Smartphone - Midnight Black (Renewed),S$1'699.00,,
https://m.media-amazon.com/images/I/710IJwMHDZS._AC_UL320_.jpg,SAMSUNG SM-A226BLGHXSP Galaxy A22 5G Light Green,S$289.00,5.0 ,2
https://m.media-amazon.com/images/I/61uaGIWA7sL._AC_UL320_.jpg,Samsung Galaxy A42 5G| Factory Unlocked Smartphone| Android Cell Phone| Multi-Lens Camera| Long-Lasting Battery| US Version| 128GB| White,S$592.22,4.3 ,1'371
https://m.media-amazon.com/images/I/91cMHXMo3OL._AC_UL320_.jpg,Samsung Electronics Galaxy A12| Factory Unlocked Smartphone| Android Cell Phone| Multi-Camera System| Expandable Storage| US Version| 32GB| Black,S$247.55,4.3 ,1'371
https://m.media-amazon.com/images/I/71Z1U6KcdsL._AC_UL320_.jpg,Samsung SM-F711B Galaxy Z Flip 3 5G Android Smartphone 8GB RAM (Green| 256GB),S$1'099.00,,
https://m.media-amazon.com/images/I/71Y64uHIDlL._AC_UL320_.jpg,SAMSUNG Galaxy S20 FE 5G Factory Unlocked Android Cell Phone 128GB US Version Smartphone Pro-Grade Camera 30X Space Zoom Night Mode| Cloud White,S$846.07,4.5 ,5'627
https://m.media-amazon.com/images/I/71M7Avl7mlL._AC_UL320_.jpg,SAMSUNG SM-A526BZWHXSP Galaxy A52 5G LTE Smartphone| 6.5" AMOLED| 8GB RAM| 256GB ROM| Android| Awesome Light White,S$1'379.00,4.0 ,1
https://m.media-amazon.com/images/I/51xekry3J5L._AC_UL320_.jpg,Samsung Galaxy S22+ Smartphone| Factory Unlocked Android Cell Phone| 256GB| 8K Camera & Video| Brightest Display| Long Battery Life| Fast 4nm Processor| US Version| Phantom White,S$1'541.33,2.4 ,4
https://m.media-amazon.com/images/I/81VnTSgQgQL._AC_UL320_.jpg,SAMSUNG Galaxy S9+ Factory Unlocked Smartphone 64GB - Midnight Black,S$1'028.03,4.4 ,7'476
https://m.media-amazon.com/images/I/51zF4ZnTmAL._AC_UL320_.jpg,Samsung Galaxy S20 Ultra 5G Smartphone| 64-bit Octa-Core| 8 GB| 128 GB ROM| 6.9" Display| Android 10| Cosmic Black,S$1'898.00,3.7 ,6
https://m.media-amazon.com/images/I/61kLsk8RslL._AC_UL320_.jpg,Samsung Electronics Galaxy S21 FE 5G Cell Phone| Factory Unlocked Android Smartphone| 128GB| 120Hz Display| Pro Grade Camera| All Day Intelligent Battery| US Version| White,S$845.80,4.5 ,382
https://m.media-amazon.com/images/I/818bMlrkCIL._AC_UL320_.jpg,SAMSUNG SM-A326BZWHXSP Galaxy A32 5G (8GB + 128GB) Awesome Light White,S$388.00,,
https://m.media-amazon.com/images/I/61BAKy7ndCL._AC_UL320_.jpg,SAMSUNG SM-F916BZKAXSP Galaxy Z Fold2 5G LTE Smartphone| 7.6" AMOLED| 12GB Ram| 256GB ROM| Mystic Black,S$2'888.00,,
https://m.media-amazon.com/images/I/61nhOdlKpDL._AC_UL320_.jpg,Samsung Galaxy S22 Ultra Smartphone| Factory Unlocked Android Cell Phone| 128GB| 8K Camera & Video| Brightest Display| S Pen| Long Battery Life| Fast 4nm Processor| US Version| Green,S$1'759.19,4.5 ,382
https://m.media-amazon.com/images/I/61X5PYoBN9L._AC_UL320_.jpg,Samsung Galaxy A42 5G Factory Unlocked Cell Phone | 128GB of Storage | Long Lasting Battery | GSM or CDMA Compatible | US Version | Black,S$469.00,4.3 ,1'371
https://m.media-amazon.com/images/I/61U6oC65TTL._AC_UL320_.jpg,Samsung Galaxy S22 Ultra Smartphone| Factory Unlocked Android Cell Phone| 256GB| 8K Camera & Video| Brightest Display| S Pen| Long Battery Life| Fast 4nm Processor| US Version| Phantom Black,S$469.00,,
https://m.media-amazon.com/images/I/817aOXLoNpL._AC_UL320_.jpg,Samsung Galaxy S22 Ultra Smartphone| Factory Unlocked Android Cell Phone| 256GB| 8K Camera & Video| Brightest Display| S Pen| Long Battery Life| Fast 4nm Processor| US Version| Phantom White,S$2'615.00,4.5 ,382
https://m.media-amazon.com/images/I/81G5r8pjfDL._AC_UL320_.jpg,SAMSUNG SM-A326BZKVXSP Galaxy A32 5G (4GB + 128GB) Awesome Black,S$645.00,,
https://m.media-amazon.com/images/I/61ZNIHIEUqL._AC_UL320_.jpg,Samsung Galaxy S21 FE 5G Cell Phone| Factory Unlocked Android Smartphone| 128GB| 120Hz Display| Pro Grade Camera| All Day Intelligent Battery| US Version| Graphite,S$846.33,4.4 ,115
https://m.media-amazon.com/images/I/31jNqKbcMIL._AC_UL320_.jpg,SAMSUNG SAM GAL A52s 5G 8/128GB AWESOME MINT,S$409.00,,
https://m.media-amazon.com/images/I/710qTX2bTsL._AC_UL320_.jpg,Samsung Electronics Galaxy Z Flip 3 Phone Case| Aramid Protective Cover| Heavy Duty| Shockproof Smartphone Protector| US Version| Black (EF-XF711SBEGUS),S$72.85,4.7 ,57
https://m.media-amazon.com/images/I/31jNqKbcMIL._AC_UL320_.jpg,SAMSUNG SAM GAL A52s 5G 8/256GB AWESOME MINT,S$509.00,,
https://m.media-amazon.com/images/I/61Z6Lm7fviL._AC_UL320_.jpg,Simple Mobile SAMSUNG Galaxy S10 Lite 4G LTE Prepaid Smartphone (Locked) - Black - 128GB - Sim Card Included - GSM (SMSAG770U1GP5),S$883.49,,
https://m.media-amazon.com/images/I/61COIQCUxIL._AC_UL320_.jpg,New Samsung Galaxy A71 Dual SIM 128GB 8GB RAM 4G LTE Smartphone Blue,S$585.97,4.4 ,5'542
https://m.media-amazon.com/images/I/61w77bA742L._AC_UL320_.jpg,Samsung Galaxy A42 5G| Factory Unlocked Smartphone| Android Cell Phone| Multi-Lens Camera| Long-Lasting Battery| US Version| 128GB| Gray,S$589.84,4.3 ,1'371
https://m.media-amazon.com/images/I/61w77bA742L._AC_UL320_.jpg,Samsung Galaxy A42 5G| Factory Unlocked Smartphone| Android Cell Phone| Multi-Lens Camera| Long-Lasting Battery| US Version| 128GB| Gray,S$589.84,4.3 ,1'371
https://m.media-amazon.com/images/I/71usm8vWd1L._AC_UL320_.jpg,SAMSUNG Galaxy S20 FE 5G Factory Unlocked Android Cell Phone 128GB US Version Smartphone Pro-Grade Camera 30X Space Zoom Night Mode| Cloud Orange,S$734.12,4.5 ,5'627
https://m.media-amazon.com/images/I/61ff+rZThyL._AC_UL320_.jpg,TracFone Samsung Galaxy A01 4G LTE Prepaid Smartphone - Black - 16GB - Sim Card Included -CDMA,S$734.12,,
https://m.media-amazon.com/images/I/61y1D0CHSEL._AC_UL320_.jpg,SAMSUNG Sm-J260a AT&T Galaxy J2 Shine 16GB Prepaid Smartphone| Gold,S$144.68,4.6 ,9
https://m.media-amazon.com/images/I/61GktfO-cOL._AC_UL320_.jpg,Samsung Galaxy M52 Dual-SIM 128GB ROM + 6GB RAM (GSM Only | No CDMA) Factory Unlocked 5G SmartPhone (Black) - International Version,S$669.00,4.4 ,90
https://m.media-amazon.com/images/I/81Yz+3Qqq5L._AC_UL320_.jpg,SAMSUNG Galaxy S20 FE 5G Factory Unlocked Android Cell Phone 128GB US Version Smartphone Pro-Grade Camera 30X Space Zoom Night Mode| Cloud Red,S$669.00,,
https://m.media-amazon.com/images/I/61pY5D4SZKL._AC_UL320_.jpg,Samsung Electronics Galaxy A32 5G| Factory Unlocked Smartphone| Android Cell Phone| Long-Lasting Battery| Expandable Storage| US Version| 64GB| Black,S$669.00,,
https://m.media-amazon.com/images/I/71OkFT8MMBL._AC_UL320_.jpg,Samsung Galaxy M22 Dual-SIM 128GB ROM + 4GB RAM (GSM only | No CDMA) Factory Unlocked 4G/LTE Smartphone (Black) - International Version,S$579.00,4.5 ,102
https://m.media-amazon.com/images/I/81t8kQP6OQL._AC_UL320_.jpg,Samsung Galaxy A12 (A127F) 128GB Dual SIM| GSM Unlocked| (CDMA Verizon/Sprint Not Supported) Smartphone International Version (Fast Car Charger Bundle) No Warranty (Black),S$579.00,,
https://m.media-amazon.com/images/I/71FlYZSU0eL._AC_UL320_.jpg,Simple Mobile Samsung Galaxy A21 4G LTE Prepaid Smartphone (Locked) - Black - 32GB - Sim Card Included - GSM,S$188.05,4.2 ,154
https://m.media-amazon.com/images/I/4126w-IFE5L._AC_UL320_.jpg,SAMSUNG Galaxy Z Fold3 5G 512GB Black|SM-F926B/DS|Phantom Black,S$1'900.00,,
https://m.media-amazon.com/images/I/81PiWcbBJYL._AC_UL320_.jpg,Samsung Electronics Galaxy Z Fold 3 Phone Case with S Pen| Protective Cover| Heavy Duty| Shockproof Smartphone Protector| US Version| Black|EF-FF92PCBEGUS,S$87.58,3.8 ,495
https://m.media-amazon.com/images/I/6134LCk2q4L._AC_UL320_.jpg,Net10 Carrier-Locked Samsung Galaxy J3 Orbit 4G LTE Prepaid Smartphone - Black - 16GB - Sim Card Included - CDMA,S$217.29,4.1 ,617
https://m.media-amazon.com/images/I/81RSbpLP1EL._AC_UL320_.jpg,Samsung Electronics Galaxy Z Fold 3 Phone Case| Leather Protective Cover| Heavy Duty| Shockproof Smartphone Protector| US Version| Green|EF-VF926LGEGUS,S$76.56,3.3 ,9
https://m.media-amazon.com/images/I/81lF5n4kl6L._AC_UL320_.jpg,Samsung Galaxy S22+ Standard Edition Dual-SIM 128GB ROM + 8GB RAM (GSM Only | No CDMA) Factory Unlocked Android 5G Smartphone (Phantom White) - International Version,S$1'875.00,,
https://m.media-amazon.com/images/I/719RZUuirjL._AC_UL320_.jpg,Samsung Galaxy M31 SM-M315F/DS Dual-SIM 64GB ROM + 6GB RAM Factory Unlocked 4G/LTE Smartphone (Red) - International Version,S$769.00,4.6 ,956
https://m.media-amazon.com/images/I/51KD-YYgTHL._AC_UL320_.jpg,Samsung Electronics Galaxy Z Fold 3 Phone Case| Silicone Protective Cover| Heavy Duty| Shockproof Smartphone Protector| US Version| White (EF-PF926TWEGUS),S$47.53,4.1 ,277
https://m.media-amazon.com/images/I/51f1ZhktStL._AC_UL320_.jpg,PULUZ Smartphone Video Rig Kit Smartphone Video Grip With Microphone + Video Light + Cold Shoe Tripod Head + Mini Tripod For Iphone Samsung And Most Phones Within 7-Inch Screen (Blue),S$113.89,4.4 ,411
https://m.media-amazon.com/images/I/71y6x3tEX6L._AC_UL320_.jpg,Samsung Electronics Galaxy Z Flip 3 Phone Case| Silicone Protective Cover with Strap| Heavy Duty| Shockproof Smartphone Protector| US Version| Navy|EF-GF711TNEGUS,S$50.00,4.5 ,270
https://m.media-amazon.com/images/I/71nm+tKrY7L._AC_UL320_.jpg,SAMSUNG PRO Plus + Reader 512GB microSDXC Up to 160MB/s UHS-I| U3| A2| V30| Full HD & 4K UHD Memory Card for Android Smartphones| Tablets| Go Pro and DJI Drone (MB-MD512KB/AM),S$128.57,4.7 ,439
https://m.media-amazon.com/images/I/61pfdG2vI7L._AC_UL320_.jpg,Samsung Galaxy A12 (A125F) 128GB Dual SIM| GSM Unlocked| (CDMA Verizon/Sprint/Boost Not Supported) Smartphone International Version No Warranty (Red),S$268.66,1.0 ,1
https://m.media-amazon.com/images/I/61XC1vnhwiL._AC_UL320_.jpg,Samsung Electronics Galaxy Z Flip 3 Phone Case| Silicone Protective Cover with Strap| Heavy Duty| Shockproof Smartphone Protector| US Version| White|EF-GF711TWEGUS,S$43.69,4.5 ,270
https://m.media-amazon.com/images/I/61CGtyeVZhL._AC_UL320_.jpg,Samsung Electronics Galaxy Z Flip 3 Phone Case| Silicone Protective Cover with Ring| Heavy Duty| Shockproof Smartphone Protector| US Version| Lavender|EF-PF711TVEGUS,S$43.69,,
https://m.media-amazon.com/images/I/8181XPjsHsL._AC_UL320_.jpg,Samsung Galaxy S21 (FE) Dual-SIM 128GB ROM + 6GB RAM (GSM | CDMA) Factory Unlocked 5G SmartPhone (White) - International Version,S$1'115.00,5.0 ,1
https://m.media-amazon.com/images/I/51XxXW9o9IL._AC_UL320_.jpg,Samsung Galaxy A5 (2017) 32GB SM-A520FZ Factory Unlocked 4G/LTE Single-SIM Smartphone (Gold Sand) - International Version,S$1'159.00,4.3 ,110
https://m.media-amazon.com/images/I/817aOXLoNpL._AC_UL320_.jpg,Samsung Galaxy S22 Ultra Dual-SIM 512GB ROM + 12GB RAM (Only GSM | No CDMA) Factory Unlocked 5G Smartphone (Phantom White) - International Version,S$2'052.08,5.0 ,7
https://m.media-amazon.com/images/I/31bIwZjTl5L._AC_UL320_.jpg,Samsung SM-F707BZNAXSP Galaxy Z Flip 5G LTE Smartphone| 6.7" AMOLED| 8GB Ram| 256GB ROM| Mystic Bronze,S$1'998.00,,
https://m.media-amazon.com/images/I/61QcDqR6vwL._AC_UL320_.jpg,Samsung Galaxy S10e T-Mobile Android Smartphone (256 GB| Prism Black),S$557.82,1.0 ,1
https://m.media-amazon.com/images/I/61pP6pemX3L._AC_UL320_.jpg,Samsung Electronics Galaxy S21 FE 5G Cell Phone| Factory Unlocked Android Smartphone| 128GB| 120Hz Display| Pro Grade Camera| All Day Intelligent Battery| US Version| Olive,S$857.31,4.5 ,382
https://m.media-amazon.com/images/I/51e9IojU7UL._AC_UL320_.jpg,Samsung Electronics Galaxy Z Fold 3 Phone Case| Silicone Protective Cover| Heavy Duty| Shockproof Smartphone Protector| US Version| Black|EF-PF926TBEGUS,S$49.60,4.1 ,277
https://m.media-amazon.com/images/I/31mj8IFVNbL._AC_UL320_.jpg,SAMSUNG SAM GAL A52s 5G 8/256GB AWESOME VIOLET,S$509.00,,
https://m.media-amazon.com/images/I/81OS9dW2X+L._AC_UL320_.jpg,Samsung Galaxy A40 SM-A405F/DS Dual-SIM (64GB ROM| 4GB RAM| 5.9-Inch| GSM Only| No CDMA) Factory Unlocked 4G/LTE Smartphone - International Version (Coral),S$809.00,4.5 ,342
https://m.media-amazon.com/images/I/61mLxEkp4RL._AC_UL320_.jpg,Samsung Galaxy M51 M515F 128GB Dual Sim GSM Unlocked Android Smartphone - Celestial Black,S$1'139.00,3.9 ,23
https://m.media-amazon.com/images/I/61kSanZnexL._AC_UL320_.jpg,SAMSUNG GALAXY S22 GUIDE FOR BEGINNERS & SENIOR CITIZENS: The Comprehensive Guide to Mastering the Features| Tips and Tricks| and Navigating Your S22 Device Like a Pro,S$21.20,,
https://m.media-amazon.com/images/I/61608ofrodL._AC_UL320_.jpg,SAMSUNG GALAXY S22 ULTRA USER GUIDE: TIPS AND TRICKS IN USING SAMSUNG GALAXY ULTRA,S$16.52,,
https://m.media-amazon.com/images/I/61aBw0qWa3L._AC_UL320_.jpg,Samsung S21 Users Manual: Concise Users Guide On The New Samsung Phone 5G Series For Beginners| Dummies| And Seniors (Tips and Tricks| Troubleshooting| Reviews),S$41.30,,
https://m.media-amazon.com/images/I/61FH6o7ciML._AC_UL320_.jpg,Samsung Galaxy Z Fold 3 5G User Guide: The Complete and Simplified User Manual with Illustrations and Useful Tips and Tricks to help Beginners and Seniors master the New Samsung Galaxy Z Fold 3 5G,S$27.01,,
https://m.media-amazon.com/images/I/61R++4zQFeL._AC_UL320_.jpg,Samsung Galaxy Z Fold 3 5G User Guide: The Complete and Simplified User Manual with Illustrations and Useful Tips and Tricks to help Beginners and Seniors master the New Samsung Galaxy Z Fold 3 5G,S$25.06,,
https://m.media-amazon.com/images/I/616M7bGYlYL._AC_UL320_.jpg,Samsung Galaxy S20 series ultimate user's guide: A step by step guide to using your Smartphone like a genius,S$20.47,,
https://m.media-amazon.com/images/I/61zGBmtIzhL._AC_UL320_.jpg,Samsung Galaxy S22 Series User’s Guide: A Comprehensive Guide to Unlock the True Potential of Your Galaxy S22| S22 Plus & S22 Ultra. Hidden Features to Master Samung One UI 4.1.,S$22.98,,
https://m.media-amazon.com/images/I/41NPJgCBQBL._AC_UL320_.jpg,Samsung Galaxy Complete Manual,S$22.98,,
https://m.media-amazon.com/images/I/61ry9NV7zsL._AC_UL320_.jpg,Samsung Galaxy S22 Ultra 5g User Guide: The Missing Manual for the All-New Samsung S22 with 100+ Tips and Tricks to Customize Your Phone and Maximize Ownership,S$23.03,,
https://m.media-amazon.com/images/I/41w2IQ6aczL._AC_UL320_.jpg,Android Mobile Computing Using Samsung Tablets and Smartphones Running Android 2.3,S$5.86,,
https://m.media-amazon.com/images/I/51BHkw0WcFL._AC_UL320_.jpg,Samsung Galaxy S22 Series User Guide: The Complete Step By Step Manual On How To Master The New Samsung Galaxy S22| S22+| S22 Ultra For Beginners And Seniors With Tips And Tricks.,S$22.98,,
https://m.media-amazon.com/images/I/51ELoL0VmkL._AC_UL320_.jpg,Samsung Galaxy S5 For Dummies,S$28.33,4.3 ,226
https://m.media-amazon.com/images/I/51x8OtN1fRL._AC_UL320_.jpg,S A M S U N G Galaxy A42 5G For Beginners: An easy guide to the Samsung Galaxy A42 5G smartphone,S$25.08,3.0 ,1
https://m.media-amazon.com/images/I/51FYKqGvmJL._AC_UL320_.jpg,imusti Guide Book : My Samsung Galaxy S6 For Seniors,S$33.44,4.5 ,79
https://m.media-amazon.com/images/I/61KI+n8IxML._AC_UL320_.jpg,SAMSUNG GALAXY A12 AND A13 STEP-BY-STEP USER MANUAL: Get a perfect understanding on how you could turn your smartphone into your desired gadget,S$30.85,,
https://m.media-amazon.com/images/I/71Wkk4n9olL._AC_UL320_.jpg,Samsung Galaxy S22 Ultra Smartphone| Factory Unlocked Android Cell Phone| 128GB| 8K Camera & Video| Brightest Display| S Pen| Long Battery Life| Fast 4nm Processor| US Version| Burgundy,S$2'235.00,4.3 ,14
https://m.media-amazon.com/images/I/61+8N2S1iYL._AC_UL320_.jpg,Samsung Galaxy Note 10+ Plus 4G Dual-SIM SM-N975F/DS 256GB Factory Unlocked 4G/LTE Smartphone - International Version (Aura Black),S$2'205.00,4.5 ,264
https://m.media-amazon.com/images/I/816K5NUzqjL._AC_UL320_.jpg,Samsung Galaxy S22 STANDARD EDITION Dual-SIM 256GB ROM + 8GB RAM (GSM Only | No CDMA) Factory Unlocked 5G Smartphone (Phantom Black) - International Version,S$2'205.00,,
https://m.media-amazon.com/images/I/71XmFW5dvLL._AC_UL320_.jpg,Samsung Galaxy S10+| 1TB| Ceramic Black,S$2'198.00,4.0 ,1
https://m.media-amazon.com/images/I/81IWsqrVMTL._AC_UL320_.jpg,Samsung Galaxy S21 5G Android Smartphone - Dual SIM 6.2" inch - 8GB RAM + 128GB - GSM Unlocked (UK Version) (Phantom Grey),S$955.00,4.3 ,199
https://m.media-amazon.com/images/I/713tJZZHYtL._AC_UL320_.jpg,SAMSUNG EVO Select Micro SD-Memory-Card + Adapter| 512GB microSDXC 130MB/s Full HD & 4K UHD| UHS-I| U3| A2| V30| Expanded Storage for Android Smartphones| Tablets| Nintendo-Switch (MB-ME512KA/AM),S$102.63,4.8 ,4'635
https://m.media-amazon.com/images/I/71Y9xMZTBDL._AC_UL320_.jpg,Samsung Galaxy A51 SM-A515F Dual-SIM 128GB Factory Unlocked 4G/LTE Smartphone (Prism Crush Black) - International Version,S$700.00,4.5 ,3'685
https://m.media-amazon.com/images/I/61HvEd1kn+L._AC_UL320_.jpg,SAMSUNG SM-A426BZKHXSP Galaxy A42 5G Prism Dot Mobile Phone| Black,S$744.00,3.9 ,6
https://m.media-amazon.com/images/I/71k7rwYeETL._AC_UL320_.jpg,SAMSUNG EVO Select Micro SD Memory Card + Adapter| 256GB microSDXC 130MB/s Full HD & 4K UHD| UHS-I| U3| A2| V30| Expanded Storage for Android Smartphones| Tablets| Nintendo Switch (MB-ME256KA/AM),S$38.34,4.8 ,4'635
https://m.media-amazon.com/images/I/91q30mUeafL._AC_UL320_.jpg,Samsung Galaxy S21 Ultra 5G (Enterprise Edition) Dual SIM 6.8" inch Android Smartphone 12GB RAM + 128GB GSM Unlocked (UK Version) - Phantom Black,S$2'389.00,,
https://m.media-amazon.com/images/I/31Iuu-NCVlL._AC_UL320_.jpg,Samsung Galaxy S Pen Pro Stylus| Compatible Galaxy Smartphones| Tablets and PCs That Support S Pen| Black,S$127.09,3.9 ,23
https://m.media-amazon.com/images/I/81cYRUBhwPL._AC_UL320_.jpg,Samsung Galaxy S21 5G Android Smartphone - Dual SIM 6.2" inch - 8GB RAM + 128GB - GSM Unlocked (UK Version) (Phantom Violet),S$1'179.00,4.3 ,55
https://m.media-amazon.com/images/I/71Gw9IK3VCL._AC_UL320_.jpg,Samsung Galaxy A6+ (2018) Dual-SIM 32GB SM-A605F/DS Factory Unlocked 4G Smartphone - International Version (Gold),S$1'139.00,4.4 ,65
https://m.media-amazon.com/images/I/519NfjCK02L._AC_UL320_.jpg,Samsung Galaxy A51 SM-A515F Dual-SIM 128GB ROM + 4GB RAM Factory Unlocked 4G/LTE Smartphone (Haze Crush Silver) - International Version,S$786.00,4.5 ,249
https://m.media-amazon.com/images/I/71U9+FgpSfL._AC_UL320_.jpg,Samsung Galaxy A51 SM-A515F Dual-SIM 128GB ROM + 4GB RAM Factory Unlocked 4G/LTE Smartphone (Prism Crush Blue) - International Version,S$786.00,4.5 ,3'407
https://m.media-amazon.com/images/I/6128lumaMlL._AC_UL320_.jpg,SAMSUNG Galaxy Z Flip 3 5G Factory Unlocked Android Cell Phone US Version Smartphone Flex Mode Intuitive Camera Compact 128GB Storage US Warranty| Phantom Black,S$1'371.77,4.5 ,482
https://m.media-amazon.com/images/I/915IWVmK00L._AC_UL320_.jpg,Samsung Galaxy A02s 4G Smartphone 6.5 Inch Infinity-V HD + Screen 3 Rear Cameras 3 GB RAM and 32 GB Expandable Internal Memory 5|000 mAh Battery and Fast Charge - Black (UK Version),S$429.00,4.5 ,395
https://m.media-amazon.com/images/I/71qzhWZYUTL._AC_UL320_.jpg,Samsung Galaxy S21 Ultra 5G Smartphone - 256GB + 12GB RAM - SIM Free Android Mobile Phone (Phantom Titanium) - UK Version,S$2'699.00,3.0 ,1
https://m.media-amazon.com/images/I/71ZwMnF5REL._AC_UL320_.jpg,Samsung Galaxy Fold (5G) 512GB/12GB RAM SM-F907B 7.3 inch Factory Unlocked Android Smartphone - International Version (Space Silver),S$1'909.00,3.8 ,19
https://m.media-amazon.com/images/I/81Jgm7tVzbL._AC_UL320_.jpg,Samsung Galaxy S21 5G Android Smartphone - Dual SIM 6.2" inch - 8GB RAM + 128GB - GSM Unlocked (UK Version) (Phantom Pink),S$1'265.00,4.4 ,37
https://m.media-amazon.com/images/I/91k-sJWb8oL._AC_UL320_.jpg,Samsung Galaxy A42 5G SM-A426B Dual-SIM 128GB ROM + 4GB RAM Factory Unlocked Android Smartphone (Prism Dot White) - International Version,S$726.00,4.3 ,62
https://m.media-amazon.com/images/I/415gE2tb1wL._AC_UL320_.jpg,Samsung Galaxy Note 9 N960U 128GB CDMA + GSM Unlocked Smartphone - Lavender Purple,S$552.88,4.1 ,149
https://m.media-amazon.com/images/I/71cl2ffbTTL._AC_UL320_.jpg,Samsung Galaxy S9 (Single SIM) 64GB SM-G9600 Factory Unlocked 4G Smartphone (Coral Blue) - International Version.,S$1'399.00,4.3 ,169
https://m.media-amazon.com/images/I/81a8EMHOPwL._AC_UL320_.jpg,Samsung Galaxy Z Fold 3 Phone Case| Aramid Protective Cover| Heavy Duty| Shockproof Smartphone Protector| Black,S$93.90,4.3 ,134
https://m.media-amazon.com/images/I/71JonBGJVSL._AC_UL320_.jpg,Samsung Galaxy S20+ Plus (5G) 128GB SM-G986B Factory Unlocked Smartphone - International Version (Cosmic Grey),S$1'305.00,4.2 ,8
https://m.media-amazon.com/images/I/61lMXObaT5L._AC_UL320_.jpg,SAMSUNG Galaxy S20 FE 5G 256GB Cloud Mint,S$1'399.00,3.9 ,7
https://m.media-amazon.com/images/I/71Gc3H4Wh2L._AC_UL320_.jpg,Samsung Galaxy Z Flip 5G SM-F707B Dual-SIM 256GB Factory Unlocked Android Smartphone (Mystic Bronze) - International Version,S$2'705.00,5.0 ,5
https://m.media-amazon.com/images/I/71SL-8HNSOL._AC_UL320_.jpg,Samsung TWSAS906CPWP Total Wireless Samsung Galaxy S6 4G LTE Smartphone-Blue,S$141.07,,
https://m.media-amazon.com/images/I/51dmz0HMPQL._AC_UL320_.jpg,UGREEN Cell Phone Stand Holder Mobile Phone Dock Compatible with iPhone 13 12 11 Pro Max SE XS XR 8 7 6| Samsung Galaxy S9 S8 S7 Edge| Android Smartphone Holder for Desk (White),S$9.99,4.6 ,149
https://m.media-amazon.com/images/I/813OM8GSCIL._AC_UL320_.jpg,Samsung Galaxy Z Fold 3 Phone Case with S Pen| Protective Cover| Shockproof Smartphone Protector| Black,S$9.99,,
https://m.media-amazon.com/images/I/51vwXDPE39L._AC_UL320_.jpg,Samsung SM-G991BZADXSP Galaxy S21 5G Smartphone| 6.2" AMOLED| 8GB RAM| 128GB ROM| Android 10 OS| Phantom Gray,S$1'248.00,,
https://m.media-amazon.com/images/I/51vwXDPE39L._AC_UL320_.jpg,Samsung SM-G991BZVDXSP Galaxy S21 5G Smartphone| 6.2" AMOLED| 8GB RAM| 128GB ROM| Android 10 OS| Phantom Violet,S$1'248.00,,
https://m.media-amazon.com/images/I/81YWrqtkOrL._AC_UL320_.jpg,Samsung Galaxy A12 64GB Dual SIM| GSM Unlocked| (CDMA Verizon/Sprint Not Supported) Smartphone International Version No Warranty (White),S$243.77,4.4 ,25
https://m.media-amazon.com/images/I/518X-C+eHuL._AC_UL320_.jpg,charge stream Qi Wireless vent mount made for Apple| Samsung and other Qi enabled Smartphones - Black,S$54.76,3.8 ,374
https://m.media-amazon.com/images/I/81t8kQP6OQL._AC_UL320_.jpg,Samsung Galaxy A12 (A125M) 64GB Dual SIM| GSM Unlocked| (CDMA Verizon/Sprint Not Supported) Smartphone Latin American Version No Warranty (Black),S$257.25,4.2 ,576
https://m.media-amazon.com/images/I/41FaKE61LWL._AC_UL320_.jpg,Samsung Galaxy A50 SM-A505F/DS Dual-SIM (128GB ROM| 6GB RAM| 6.4-Inch) Factory Unlocked 4G/LTE Smartphone - International Version (Black),S$809.00,4.2 ,993
https://m.media-amazon.com/images/I/61X3Z-gRI-L._AC_UL320_.jpg,SAMSUNG SM-G781BZBHXSP Galaxy S20 FE 5G 256GB Cloud Navy,S$1'455.00,3.9 ,7
https://m.media-amazon.com/images/I/71U3krJV4qL._AC_UL320_.jpg,Samsung Galaxy Z Flip SM-F700F/DS 256GB (GSM Only | No CDMA) Factory Unlocked Android 4G/LTE Smartphone - International Version (Mirror Purple),S$2'899.00,4.0 ,45
https://m.media-amazon.com/images/I/61zl8KFCruL._AC_UL320_.jpg,Samsung Galaxy S7 SM-G930F 32GB Unlocked GSM 4G/LTE Smartphone - Gold (International version| No Warranty),S$899.00,4.3 ,234
https://m.media-amazon.com/images/I/61FTAE2vtCL._AC_UL320_.jpg,Moto G Play | 2021 | 3-Day battery | Unlocked | Made for US by Motorola | 3/32GB | 13MP Camera | Blue,S$212.91,4.5 ,489
https://m.media-amazon.com/images/I/61OBFWmf34L._AC_UL320_.jpg,MoKo Stylus Pen(4PCS)| Universal Capacitive Touch Screen Rubber Tip Digital Pen Compatible with iPad| iPhone| Samsung| Kindle| All Capacitive Touch Screen Devices Smartphones & Tablets - Rose Gold,S$18.99,4.4 ,1'647
https://m.media-amazon.com/images/I/41ACjjbbf2L._AC_UL320_.jpg,Samsung Electronics Galaxy Z Fold 3 Flip Phone Case| Leather Protective Cover with Stand| Heavy Duty| Shockproof Smartphone Protector| US Version| Green|EF-FF926LGEGUS,S$98.53,4.3 ,5
https://m.media-amazon.com/images/I/617LoCDzwvL._AC_UL320_.jpg,Samsung Galaxy S20+ Plus (5G) 128GB -G986B/DS Dual SIM (GSM Only | No CDMA) Factory Unlocked Smartphone - International Version - Cosmic Black,S$1'325.00,4.0 ,92
https://m.media-amazon.com/images/I/71i3h5+Jc8L._AC_UL320_.jpg,SAMSUNG SM-A526BZKGXSP Galaxy A52 5G| Black| 128GB,S$815.00,5.0 ,1
https://m.media-amazon.com/images/I/51K9vni42OL._AC_UL320_.jpg,Suptek 360 Degree Adjustable Stand/Holder for Tablets & iPad iPhone Samsung Asus Tablet Smartphone and More up to 4.7-11 inches White YF208DW,S$35.99,4.5 ,419
https://m.media-amazon.com/images/I/51f4T4yRkbL._AC_UL320_.jpg,Samsung Galaxy Note 10+ Plus (5G) Single-SIM SM-N976B 512GB Factory Unlocked 5G Smartphone - International Version (Aura Glow),S$3'365.00,4.1 ,59
https://m.media-amazon.com/images/I/71bIq9yaxWL._AC_UL320_.jpg,SAMSUNG SM-A526BZBHXSP Galaxy A52 5G| Blue| 256GB,S$1'379.00,,
https://m.media-amazon.com/images/I/51gv-SHjVAL._AC_UL320_.jpg,[HAMEE ORIGINAL]Cell Phone Clip Lens - Universal and Compatible with all Smartphones - Works with Iphone| Samsung| Ipad| Ipod| HTC| and Other Devices - The Clipster Contains 3 Universal Lens (Fish Eye,S$386.91,,
https://m.media-amazon.com/images/I/71aXrMob-GL._AC_UL320_.jpg,SAMSUNG SM-A526BLVGXSP Galaxy A52 5G| Light Violet| (4GB + 128GB),S$899.00,,
https://m.media-amazon.com/images/I/71EB7z1wDAL._AC_UL320_.jpg,Samsung Galaxy S20 Fan Edition (FE) 4G Hybrid-SIM SM-G781B 128GB Factory Unlocked Smartphone - International Version (Cloud Mint),S$859.00,4.4 ,79
https://m.media-amazon.com/images/I/71uVshbIZPL._AC_UL320_.jpg,Samsung Galaxy A02 4G LTE Unlocked Global Volte (64GB| 3GB) 6.5" Dual Camera Dual Sim (At&t Tmobile Metro Latin Europe) (No for Verizon Boost) International Model SM-A022M/DS (Blue),S$232.52,4.3 ,136
https://m.media-amazon.com/images/I/71K-WSnbpRL._AC_UL320_.jpg,SAMSUNG GALAXY S21| S21 PLUS| AND S21 ULTRA 5G USER MANUAL (Large Print Edition): The Simplified User Guide for Beginners and Experts| Complete with ... to Handle the New Samsung Galaxy S21 Series,S$25.06,5.0 ,1
https://m.media-amazon.com/images/I/61dNjSm13OL._AC_UL320_.jpg,Samsung Galaxy S21 Ultra 5g User Guide: The Ultimate Beginners Manual to Master the Features| Troubleshooting Common Problems| Tricks| and Tips of the Samsung S21 Ultra 5G,S$20.65,,
https://m.media-amazon.com/images/I/61Dpyuf14lS._AC_UL320_.jpg,Samsung Galaxy S21 Ultra 5G User Guide: The Complete Manual for Beginners and Seniors To Master the New SAMSUNG GALAXYS 21| S21+ AND S21 ULTRA. Learn to Use Directors View,S$15.55,,
https://m.media-amazon.com/images/I/61XS5gVrupL._AC_UL320_.jpg,SAMSUNG s20 ULTRA: Master your samsung s20 ultra,S$23.13,,
https://m.media-amazon.com/images/I/61ZarXAvHbL._AC_UL320_.jpg,Samsung Galaxy S21 Ultra 5G User manual: A Complete Guide with New Tips for Samsung Galaxy S21| S21 Plus and S21 Ultra 5G,S$28.07,3.1 ,22
https://m.media-amazon.com/images/I/91ANE-kKA-L._AC_UL320_.jpg,Samsung: The Business Behind the Technology,S$63.15,5.0 ,1
https://m.media-amazon.com/images/I/517qgt5+4oL._AC_UL320_.jpg,Samsung Galaxy S10 and S10 Plus: The Complete Step-By-Step User Guide For Beginners - Discover Amazing Tips and Tricks to Optimize Your Samsung Galaxy S10 & S10 Plus,S$18.59,1.2 ,7
https://m.media-amazon.com/images/I/61rrSoXsJ6L._AC_UL320_.jpg,SAMSUNG GALAXY Z FOLD 2 (5G) USER GUIDE: The Simple Manual to Learning how to Startup| Setup and Operate your Fold 2 smart phone with the Best Tips & Tricks to help you get the most out of the device,S$20.65,,
https://m.media-amazon.com/images/I/61sNJ-Ham3L._AC_UL320_.jpg,SAMSUNG GALAXY S21 FE USER GUIDE,S$26.04,,
https://m.media-amazon.com/images/I/61LpL85xBoL._AC_UL320_.jpg,Samsung Galaxy S20 For Seniors: A Riculously Simple Guide To the Next Generation of Samsung Galaxy Phones,S$39.39,,
https://m.media-amazon.com/images/I/61c4PyjVZjS._AC_UL320_.jpg,Samsung Galaxy S21 For Dummies,S$26.05,4.3 ,39
https://m.media-amazon.com/images/I/71w5OXC4raL._AC_UL320_.jpg,Samsung Rising: Inside the secretive company conquering Tech,S$29.49,4.2 ,42
https://m.media-amazon.com/images/I/61tD5rcNcOL._AC_UL320_.jpg,SAMSUNG GALAXY TAB S7 AND S7 PLUS GUIDE BOOK FOR SENIORS Illustrated Manual with Tips and Tricks to Master Your New Samsung Galaxy Tab S7 & 7+,S$20.98,3.8 ,5
https://m.media-amazon.com/images/I/61uRAYkeYtL._AC_UL320_.jpg,SAMSUNG GALAXY S22 ULTRA 5G USER GUIDE: The Ultimate Manual for Beginners and Senior Citizens to Discover all the Features| Functions| Tips and Tricks of the S22 Devices,S$20.65,,
https://m.media-amazon.com/images/I/61-r+ZjujxL._AC_UL320_.jpg,SAMSUNG GALAXY S22 ULTRA 5G USER MANUAL: The Ultimate Guide with Illustrations on How to Setup and Use Samsung Galaxy S22 Ultra with Tips| and Tricks for Beginners and Seniors,S$26.81,,
