Image_Url, Item_Name,Item_Price, Average Rating_Score (Max Score is 5),Number_Of_Reviews
https://m.media-amazon.com/images/I/81oPj2JzHDL._AC_UL320_.jpg,"Xiaomi HXM-9A-32-GRY-EU Redmi 9A Dual Sim Smartphone| 6.53"" LCD Display| 2GB RAM| 32GB ROM| Granite Gray",139,4.5,1'858
https://m.media-amazon.com/images/I/51bseWUDNOL._AC_UL320_.jpg,"Xiaomi HXM-9A-32-BLU-EU Redmi 9A Dual Sim Smartphone| 6.53"" LCD Display| 2GB RAM| 32GB ROM| Sky Blue",138,4.6,1'818
https://m.media-amazon.com/images/I/51i8vTlJ8GL._AC_UL320_.jpg,"Xiaomi HXM-9A-32-GRN-EU Redmi 9A Dual Sim Smartphone| 6.53"" LCD Display| 2GB RAM| 32GB ROM| Peacock Green",139,4.5,685
https://m.media-amazon.com/images/I/6147ZT4PeFL._AC_UL320_.jpg,"Xiaomi HXM-R9-64-GRN-EU Redmi 9 Dual Sim Smartphone| 6.53"" LCD Display 4GB RAM| 64GB ROM| Ocean Green",322.9,4.7,2'572
https://m.media-amazon.com/images/I/411ohBiYoWL._AC_UL320_.jpg,Xiaomi Mi 11 Lite 5G Dual Sim Smartphone (8GB RAM+128GB ROM - Citrus Yellow),,,
https://m.media-amazon.com/images/I/51w2NNV4PEL._AC_UL320_.jpg,Xiaomi 11 Lite 5G NE AMOLED Smartphone| 8GB RAM + 256GB ROM (Peach Pink),499,4.5,40
https://m.media-amazon.com/images/I/616O4heTezL._AC_UL320_.jpg,Xiaomi 11 Lite 5G NE AMOLED Smartphone| 8GB RAM + 256GB ROM (Bubblegum Blue),482,4.8,38
https://m.media-amazon.com/images/I/51QhABPZpFL._AC_UL320_.jpg,Xiaomi Redmi Note 11 Smartphone (6GB RAM| 128GB) - Twilight Blue,,,
https://m.media-amazon.com/images/I/51dypKv6yZL._AC_UL320_.jpg,Xiaomi Redmi Note 11 Smartphone (6GB RAM| 128GB) - Star Blue,,,
https://m.media-amazon.com/images/I/41oeqiALYKL._AC_UL320_.jpg,Xiaomi Mi Body Composition Scale 2|White,18.32,4.6,14'359
https://m.media-amazon.com/images/I/61RTp01noML._AC_UL320_.jpg,XIAOMI MI 11| MI 11 PRO AND MI 11 ULTRA USER GUIDE: A guide that helps you quickly customize your Xiaomi smartphone,,,
https://m.media-amazon.com/images/I/51gG6JPEmIL._AC_UL320_.jpg,Xiaomi 11T Pro AMOLED DotDisplay Smartphone| 12GB RAM + 256GB ROM (Celestial Blue),719,5,1
https://m.media-amazon.com/images/I/51e3KdrHuCL._AC_UL320_.jpg,Xiaomi Redmi Note 11 Smartphone (6GB RAM| 128GB) - Graphite Gray,269,3.1,4
https://m.media-amazon.com/images/I/415eNnSHfdL._AC_UL320_.jpg,Xiaomi 11 Lite 5G NE AMOLED Smartphone| 8GB RAM + 256GB ROM (Snowflake White),479,4.4,8
https://m.media-amazon.com/images/I/412TOjraEPL._AC_UL320_.jpg,Xiaomi Redmi Buds 3 Wireless In-Ear Headphones|White|One Size,55.44,4.2,266
https://m.media-amazon.com/images/I/61NIBaCrc7L._AC_UL320_.jpg,"Xiaomi HXM-M10-256-GN-EU Mi 10 Smartphone| 6.67"" AMOLED Display| 8GB RAM| 256GB ROM| Coral Green",934.47,4.4,133
https://m.media-amazon.com/images/I/51UhkQTNxmL._AC_UL320_.jpg,Xiaomi Redmi Note 11S Smartphone (8GB RAM| 128GB) - Graphite Gray,327,2.7,3
https://m.media-amazon.com/images/I/41-8iYgkQSL._AC_UL320_.jpg,Little Rice: Smartphones| Xiaomi| and the Chinese Dream,7.68,2.9,5
https://m.media-amazon.com/images/I/61OVJkEUpPL._AC_UL320_.jpg,Xiaomi Mi Precision Screwdriver Kit,29.9,4.7,293
https://m.media-amazon.com/images/I/41SR5-ZScIL._AC_UL320_.jpg,Xiaomi Mi Wireless Outdoor Security Camera 1080P CCTV IP Camera,108.04,3.4,13
https://m.media-amazon.com/images/I/41O1DR3qRHS._AC_UL320_.jpg,Xiaomi Mi 360 Degree Home Security Camera 2K,50.9,4.4,714
https://m.media-amazon.com/images/I/516RikIJuHL._AC_UL320_.jpg,Xiaomi Mi USB-C Cable| 1m (White)|One Size,12.9,4.5,156
https://m.media-amazon.com/images/I/41imQ5nlwnL._AC_UL320_.jpg,FIMI X8 SE RC Drone Accessories Data Cable Compatible with Micro Standard Smart Phones for Xiaomi FIMI X8 SE Remote Controller Standard,16.59,4.8,11
https://m.media-amazon.com/images/I/41EuHhqEzyS._AC_UL320_.jpg,ICYSTOR Desk Stand Mobile Phone Holder Smartphone Stand Holder For iPhone for Xiaomi for Smart Phone MP3 Car Mount Stand,,,
https://m.media-amazon.com/images/I/51BFg97lM2L._AC_UL320_.jpg,ICYSTOR 1PC 5W Qi Wireless Charger Charging Pad For S8 S9 IPhone 11 X Xs MAX XR 8 Plus Huawei Xiaomi Smartphone Smatch Watch,,,
https://m.media-amazon.com/images/I/61ppTvy7g0L._AC_UL320_.jpg,Xiaomi Mi 360 Degree Home Security Camera 2K Pro,68.9,4.3,488
https://m.media-amazon.com/images/I/31XLVwB+PpL._AC_UL320_.jpg,Xiaomi Mi Wireless Outdoor Security Camera 1080p CCTV IP Camera Set (With Indoor Receiver),129,3.7,57
https://m.media-amazon.com/images/I/41Gx3M1VMSS._AC_UL320_.jpg,Bicycle Cycling Phone Holder Band For Smartphone Handlebar Tape Mount For Smartphone For Xiaomi Bike Accessories,,,
https://m.media-amazon.com/images/I/51lRiz5L9gS._AC_UL320_.jpg,Transparent Finger Ring Mobile Phone Smartphone Stand Holder For iPhone Xiaomi Smart Phone MP3 Car Mount Stand,,,
https://m.media-amazon.com/images/I/51eF6zPRQvL._AC_UL320_.jpg,ICYSTR Finger Ring Mobile Phone Smartphone Stand Holder For iPhone for Xiaomi for Smart Phone MP3 Car Mount Stand,,,
https://m.media-amazon.com/images/I/314Z-6rcGVL._AC_UL320_.jpg,Xiaomi YTC4042GL Mi Temperature & Humidity Sensor,13,4.3,314
https://m.media-amazon.com/images/I/41jVFNEfEDS._AC_UL320_.jpg,In-ear Style Wired Earphones Portable HiFi Bass Stereo Universal Headset For Smart Phone Huawei Xiaomi,,,
https://m.media-amazon.com/images/I/31QcvghlVbS._AC_UL320_.jpg,3.5mm In-Ear headphone Stereo Earphone with Microphone for phones Xiaomi Smartphone MP3 player for Galaxy S6,,,
https://m.media-amazon.com/images/I/41WuE9vtXrS._AC_UL320_.jpg,UVR Football Basketball Tennis Finger Ring Smartphone Stand Holder Phone Holder Stand For iPhone Xiaomi Acrylic All SmartPhone,,,
https://m.media-amazon.com/images/I/31DCStUyuPS._AC_UL320_.jpg,Reusable Bow Tie Finger Ring Smartphone Stand Holder Mobile Phone Holder Stand For iPhone Xiaomi Huawei All Smart Phone,,,
https://m.media-amazon.com/images/I/41aAhTKD6US._AC_UL320_.jpg,360 Degree Finger Ring Mobile Phone Smartphone Stand Holder Mount for IPhone IPad Xiaomi All Smart Phone Luxury Couple Models,,,
https://m.media-amazon.com/images/I/31DngjnFtpL._AC_UL320_.jpg,360 Degree Cat Ear Finger Ring Mobile Phone Holder Smartphone Stand Mount Support for IPhone IPad Xiaomi Smart Phone freeing,,,
https://m.media-amazon.com/images/I/41MQ0RCZbVL._AC_UL320_.jpg,1 Pc Mobile Phone Holder For IPhone Xiaomi Smart Phone Portable Desk Stand Holder Mount Table Mobile Phone Accessories,,,
https://m.media-amazon.com/images/I/61T+D8ozegL._AC_UL320_.jpg,"Xiaomi HPC-F2-PRO-128-BLU-E Poco F2 Pro Smartphone| 6.67"" AMOLED Display| 6GB RAM| 128GB ROM| Neon Blue",799,4.4,135
https://m.media-amazon.com/images/I/51fzeT7NP7L._AC_UL320_.jpg,Xiaomi 11T Pro AMOLED DotDisplay Smartphone| 12GB RAM + 256GB ROM (Meteorite Gray),,,
https://m.media-amazon.com/images/I/71ep0VfsjOL._AC_UL320_.jpg,"OnePlus 8T Dual Sim 5G Unlocked Smartphone| 6.55"" 120Hz Fluid AMOLED Display| 8GB RAM| 128GB Storage| Quad Camera| OxygenOS Based on Android 11| Lunar Silver",756.76,4.5,1'163
https://m.media-amazon.com/images/I/71K5mOrvM3L._AC_UL320_.jpg,"Xiaomi Redmi Note 9 Pro 64GB + 6GB RAM| 6.67"" FHD+ DotDisplay| 64MP AI Quad Camera| Qualcomm Snapdragon 720G LTE Factory Unlocked Smartphone - International Version (Glacier White)",353.2,4.6,2'619
https://m.media-amazon.com/images/I/410WRf3kk7L._AC_UL320_.jpg,"Xiaomi HXM-M10-256-GY-EU Mi 10 Smartphone| 6.67"" AMOLED Display| 8GB RAM| 256GB ROM| Twilight Grey",971.71,4.4,133
https://m.media-amazon.com/images/I/51xDKOUrZwL._AC_UL320_.jpg,Xiaomi 11 Lite 5G NE AMOLED Smartphone| 8GB RAM + 256GB ROM (Truffle Black),488,4.6,23
https://m.media-amazon.com/images/I/61hO0cEC4SS._AC_UL320_.jpg,Xiaomi Black Shark 3 Ultimate Gaming Smartphone| 12GB+256GB| Midnight Black,,,
https://m.media-amazon.com/images/I/51aYqX3ZlrL._AC_UL320_.jpg,Xiaomi Redmi Note 10 Dual Sim Smartphone (6GB RAM+128GB ROM - Lake Green),330.43,4.6,396
https://m.media-amazon.com/images/I/61hO0cEC4SS._AC_UL320_.jpg,Xiaomi Black Shark 3 Ultimate Gaming Smartphone| 8GB+128GB Midnight Black,,,
https://m.media-amazon.com/images/I/61P8blYZiwL._AC_UL320_.jpg,Xiaomi Redmi Note 9T | 128GB 4GB RAM | Android 10 MIUI 12 | 5000 mAh 18W Fast Charging | Octa-core | GSM LTE Factory Unlocked Smartphone | International Model (Nightfall Black),315.1,4.6,101
https://m.media-amazon.com/images/I/51liVatCv-L._AC_UL320_.jpg,Xiaomi Redmi 9A - Smartphone 2 GB + 32 GB| Dual Sim| Verde (Peacook Green),186.18,4.3,1'396
https://m.media-amazon.com/images/I/51fzeT7NP7L._AC_UL320_.jpg,Xiaomi 11T AMOLED DotDisplay Smartphone| 8GB RAM + 256GB ROM (Meteorite Gray),586,4.2,48
https://m.media-amazon.com/images/I/61dcWgQnk3L._AC_UL320_.jpg,Xiaomi Redmi 10 FHD+ DotDisplay Smartphone| 6GB RAM + 128GB ROM (Sea Blue),312.41,4.7,34
https://m.media-amazon.com/images/I/3138RsbiD2L._AC_UL320_.jpg,Xiaomi 11T Pro AMOLED DotDisplay Smartphone| 12GB RAM + 256GB ROM (Moonlight White),,,
https://m.media-amazon.com/images/I/51hIPZc5OjL._AC_UL320_.jpg,Xiaomi Redmi Note 10 | 128GB 4GB RAM | GSM LTE Factory Unlocked Smartphone | International Model (Onyx Gray),286.55,4.5,541
https://m.media-amazon.com/images/I/41bgm4NzQcL._AC_UL320_.jpg,Xiaomi Redmi Note 10 Pro Dual Sim Smartphone (8GB RAM+128GB ROM - Onyx Gray),472.59,4.1,38
https://m.media-amazon.com/images/I/31V0oLIp62L._AC_UL320_.jpg,Xiaomi Mi 20W Type-C Charger,,,
https://m.media-amazon.com/images/I/71K77bMxGoL._AC_UL320_.jpg,"Action Mount - 3 pc Universal Conversion Adapter Set for Sony Cam| Xiaomi| or GoPro. Has Camera Screw (1/4""-20)| Easily Connect Action Camera to GoPro Style Accessories. (3pcs Screw Adapters)",30.59,4.1,33
https://m.media-amazon.com/images/I/814Ih1CPFDL._AC_UL320_.jpg,Xiaomi Mi 10T - Smartphone 6 GB + 128 GB| Dual Sim| Alexa Hands-Free| Nero (Cosmic Black),528.68,4.3,547
https://m.media-amazon.com/images/I/4151luILXQL._AC_UL320_.jpg,Yaya Tripod Mount Adapter| Universal Cell Phone Clip Holder Camera Bracket Smartphone Attachment for iPhone 11 pro 10X 8 Plus/7 Plus/ 6 5S/ 5C Galaxy S7 S6 S5 S4 S3 S2 for huawei for xiaomi,,,
https://m.media-amazon.com/images/I/41foWiVWqqL._AC_UL320_.jpg,Xiaomi Mi 11 Lite 5G Dual Sim Smartphone (8GB RAM+128GB ROM - Truffle Black),,,
https://m.media-amazon.com/images/I/61jMMn8e5QL._AC_UL320_.jpg,PULUZ Professional 45m/147ft Diving Surfing Swimming Snorkeling Photo Video Waterproof Protective Case Underwater Housing for Galaxy| Huawei| Xiaomi and All Android OTG Smartphones with Type-C Port,82.9,3.5,9
https://m.media-amazon.com/images/I/51BnJOJeqHL._AC_UL320_.jpg,Xiaomi Redmi Note 10 | 128GB 4GB RAM | GSM LTE Factory Unlocked Smartphone | International Model (Pebble White),745,4.5,176
https://m.media-amazon.com/images/I/51VpqtynmWL._AC_UL320_.jpg,Xiaomi Mi 11 Dual Sim Smartphone (8GB RAM+256GB ROM - Horizon Blue),,,
https://m.media-amazon.com/images/I/51Upw655zvL._AC_UL320_.jpg,Xiaomi Mi True Wireless Earbuds Basic 2|Black|One size,25,4.2,6'344
https://m.media-amazon.com/images/I/61AS5onEx1L._AC_UL320_.jpg,Action Mount - 2 pc Universal Smartphone Holder Set for Any Phone. Has Camera Screw (1/4-Inch 20)| Easily Connect Your Phone to Tripods| Poles| Hand Grip| Etc. (2pcs Phone Mount),29.77,4.4,2
https://m.media-amazon.com/images/I/81CODD7AvvL._AC_UL320_.jpg,"Xiaomi Redmi Note 8 Pro Dual SIM Smartphone| 6GB RAM| 128GB ROM| 6.53""| Grey",386.15,4.6,5'457
https://m.media-amazon.com/images/I/61GXPNuBI+L._AC_UL320_.jpg,Xiaomi Poco X3 NFC 128GB + 8GB RAM 4G Volte GSM| 5160mAh| 6.67 DotDisplay| Factory Unlocked Smartphone (NOT VERIZON Boost Cricket) - International Version Fast Car Charger Bundle (Shadow Grey),438.62,4.4,37
https://m.media-amazon.com/images/I/51adDh5k16L._AC_UL320_.jpg,SD/TF Card Reader PFSN USB Type C USB 3.0 OTG Memory Card Adapter Portable 2 Slots for Micro SD/SD Best for Mac Windows Linux PC Laptop SLR Camera DVR and Xiaomi Huawei Android Smart Phone - Black,,,
https://m.media-amazon.com/images/I/51oT5k+XRrS._AC_UL320_.jpg,"Xiaomi HXM-R9-64-GRY-EU Redmi 9 Dual Sim Smartphone| 6.53"" LCD Display 4GB RAM| 64GB ROM| Carbon Grey",307,4.7,4'097
https://m.media-amazon.com/images/I/811HpE2ZWxL._AC_UL320_.jpg,"Xiaomi HXM-N9-PRO-128-GRY-E Redmi Note 9 Pro Dual Sim Smartphone| 6.67"" LCD Display| 6GB RAM| 128GB ROM| Interstellar Grey",320.69,4.6,4'172
https://m.media-amazon.com/images/I/51FQ+WUjDZL._AC_UL320_.jpg,Xiaomi 11T AMOLED DotDisplay Smartphone| 8GB RAM + 256GB ROM (Celestial Blue),593,4,16
https://m.media-amazon.com/images/I/81gWT8Fkm9L._AC_UL320_.jpg,"Xiaomi Redmi 9C Smartphone| 2 GB + 32 GB| 6.53"" HD+ Dot Drop Display 5000mAh (typ)| 13 MP| con AI Face Unlock| Tripla Fotocamera| Arancione (Sunrise Orange)",226.4,4.3,139
https://m.media-amazon.com/images/I/51tiy-+FtyL._AC_UL320_.jpg,SD/TF Card Reader PFSN USB Type C USB 3.0 OTG Memory Card Adapter Portable 2 Slots for Micro SD/SD Best for Mac Windows Linux PC Laptop SLR Camera DVR and Xiaomi Huawei Android Smart Phone - White,,,
https://m.media-amazon.com/images/I/414gplILZ7L._AC_UL320_.jpg,Xiaomi Redmi 9A - Smartphone 2 GB + 32 GB| Dual Sim| Blu (Sky Blue),197.11,4.3,1'396
https://m.media-amazon.com/images/I/61qqYe9xwcS._AC_UL320_.jpg,The Xiaomi Way: Customer Engagement Strategies That Built One of the Largest Smartphone Companies in the World,41.97,5,2
https://m.media-amazon.com/images/I/41keb5Vw-gL._AC_UL320_.jpg,Auskang Lavalier Lapel Microphone for Type-C Phones|Professional Condenser Mic Omnidirectional Sound-collecting with Noise Shielded Cable(4.92ft) for YouTube|Video Recording|Interview|TikTok and more,,,
https://m.media-amazon.com/images/I/41tHYlyFLpL._AC_UL320_.jpg,Type-C Professional Lavalier Lapel Microphone| CKMOVA LCM1C with Type-C connector for Android Smartphone| SamSung| LG| OPPO| Vivo| Xiaomi,,,
https://m.media-amazon.com/images/I/61Q4Oxyus6L._AC_UL320_.jpg,2.4GHz Wireless Microphone System Two Transmitters for USB-C Devices| Saramonic Ultracompact Dual-channel Mic for Type-C Smartphones Pad Tablet Huawei Mate 10 Samsung Galaxy Note 9 Plus Xiaomi LG Live,306.53,4.5,131
https://m.media-amazon.com/images/I/61Z7ec3eRUL._AC_UL320_.jpg,19.7 Foot/6M XLR to Type-C Cable| Saramonic UTC-XLR XLR (Female) Microphone Connector to USB Type-C Audio Cable Smartphone Adapter Compatible with Huawei Sumsung Xiaomi Type-C Devices Smartphone,127.53,4.1,19
https://m.media-amazon.com/images/I/81y8BHaWScL._AC_UL320_.jpg,"Xiaomi Poco X3 NFC 64GB| 6GB RAM| 5160mAh (typ) Large Battery| 6.67"" DotDisplay| QUALCOMM Snapdragon GSM LTE Factory Unlocked Smartphone - International Version (Cobalt Blue)",312.53,4.6,1'556
https://m.media-amazon.com/images/I/51vNhD1VGrL._AC_UL320_.jpg,Action Mount - 3 pc Universal Conversion Adapter Set for Sony Cam| Xiaomi| or GoPro. Has Camera Screw (1/4-Inch 20)| Easily Connect Action Camera to GoPro Style Accessories. (3pcs Camera Adapters),25.1,4,10
https://m.media-amazon.com/images/I/61FDjpOBboL._AC_UL320_.jpg,Eouine Xiaomi Redmi Note 7 Case| Phone Case Silicone Black with Pattern Ultra Slim Shockproof Soft Gel Back Cover Protective Bumper Skin for Xiaomi Redmi Note 7 Smartphone (Space),17.11,4.8,5
https://m.media-amazon.com/images/I/5196rT1llGL._AC_UL320_.jpg,Xiaomi Redmi Note 11S Smartphone (8GB RAM| 128GB) - Twilight Blue,,,
https://m.media-amazon.com/images/I/612m9MPEuML._AC_UL320_.jpg,Xiaomi Redmi Note 9 Smartphone - 4 GB + 128 GB| 48 MP Quad Camera Hotshot| 6.53”FHD + DotDisplay| 5020 mAh| 3.5mm Cuffie Jack| NFC| Bianco (Polar White),274.55,4.6,1'442
https://m.media-amazon.com/images/I/61K1hIc6znL._AC_UL320_.jpg,"Xiaomi M2003J6A1G Redmi Note 9S HXM-N9S-64-WHT-EU Dual SIM Smartphone| 4GB RAM| 6.67""| Glacier White",619,4.6,1'784
https://m.media-amazon.com/images/I/5114EtDzdkS._AC_UL320_.jpg,Xiaomi Redmi Note 10 Pro | 128GB 6GB RAM | Factory Unlocked (GSM ONLY | Not Compatible with Verizon/Sprint) | International Model (Glacier Blue),420.27,4.3,1'436
https://m.media-amazon.com/images/I/611nox0XZTL._AC_UL320_.jpg,SONGZHONG Mobile Phone Spare Part Motherboard Protective Cover for Xiaomi Redmi K30 5G M1912G7BE M1912G7BC Smartphone Accessorry,,,
https://m.media-amazon.com/images/I/41Jg-yOE1ML._AC_UL320_.jpg,Xiaomi GDS4145GL Mi Wireless Charging Stand| 20W| Black,29.7,4.1,139
https://m.media-amazon.com/images/I/718Iqr8XghL._AC_UL320_.jpg,Xiaomi Redmi 9 Dual-SIM 64GB ROM + 4GB RAM Factory Unlocked 4G/LTE Smartphone (Ocean Green) - International Version,505,4.7,173
https://m.media-amazon.com/images/I/41CG8yhDCHL._AC_UL320_.jpg,"Xiaomi Redmi 9C Smartphone 128GB + 4GB 6.53""HD + Dot Drop Display 5000mAh| Face Recognition AI| 13 MP| Triple Camera (NOT for Verizon Boost Cricket) + (w/Fast Car Charger Bundle) (Aurora Green)",275.99,4.6,19
https://m.media-amazon.com/images/I/31ZPvUv0qSL._AC_UL320_.jpg,1MORE E1001-GD Triple Driver In-Ear Earphones for Smartphones/PC/Tablet| Gold,100.27,4.1,9'665
https://m.media-amazon.com/images/I/71pqk1Mb3ZL._AC_UL320_.jpg,Xiaomi Redmi 9A 4G LTE Unlocked Smartphone| Octa-core 4GB + 64GB| 6.53 HD Display| 13M Rear Camera|5000mAh 10W Charging| GSM Only (Black),233.61,5,1
https://m.media-amazon.com/images/I/614jmotHiPL._AC_UL320_.jpg,Xiaomi Redmi 9A 4G LTE Unlocked Smartphone| Octa-core 4GB + 64GB| 6.53 HD Display| 13M Rear Camera|5000mAh 10W Charging| GSM Only (Blue),234.65,5,1
https://m.media-amazon.com/images/I/51Hc4HmwwbL._AC_UL320_.jpg,"Xiaomi Redmi Note 7 128GB + 4GB RAM 6.3"" FHD+ LTE Factory Unlocked 48MP GSM Smartphone (Global Version| No Warranty) (Space Black)",241.04,4.6,899
https://m.media-amazon.com/images/I/51hV6FmTqLL._AC_UL320_.jpg,Xiaomi Redmi Note 11S Smartphone (8GB RAM| 128GB) - Pearl White,,,
https://m.media-amazon.com/images/I/618fodZWH8L._AC_UL320_.jpg,"Xiaomi Redmi 9C Smartphone| 3 GB + 64 GB| 6.53 ""HD + Dot Drop Display 5000mAh (typ)| con Sblocco Faccial AI| 13 MP| Tripla Fotocamera| Grigio (Midnight Grey)",249.52,4.5,154
https://m.media-amazon.com/images/I/81lKu0UPysL._AC_UL320_.jpg,"HP Sprocket Portable 2x3"" Instant Photo Printer (Blush) Print Pictures on Zink Sticky-Backed Paper from your iOS & Android Device.",114.99,4.5,1'992
https://m.media-amazon.com/images/I/81lKu0UPysL._AC_UL320_.jpg,"HP Sprocket Portable 2x3"" Instant Photo Printer (Blush) Print Pictures on Zink Sticky-Backed Paper from your iOS & Android Device.",114.99,4.5,1'992
https://m.media-amazon.com/images/I/517elGbAIkL._AC_UL320_.jpg,Puccy 3 Pack Screen Protector Film| compatible with Xiaomi POCO X3 GT Smartphone TPU Guard （ Not Tempered Glass Protectors Case Cover）,,,
https://m.media-amazon.com/images/I/51+0-dVprgL._AC_UL320_.jpg,Puccy 2 Pack Camera Lens Protector Film| compatible with Xiaomi POCO X3 GT Smartphone TPU Camera Cover Sticker （ Not Tempered Glass/Not Front Screen Protectors/Not Case）,,,
https://m.media-amazon.com/images/I/51vq+ElieOL._AC_UL320_.jpg,Puccy 3 Pack Screen Protector Film| compatible with Xiaomi Redmi Note 10 JE Smartphone TPU Guard （ Not Tempered Glass Protectors Case Cover）,,,
https://m.media-amazon.com/images/I/41JspMxWqKL._AC_UL320_.jpg,Puccy Privacy Screen Protector Film| compatible with Xiaomi POCO X3 GT Smartphone Anti Spy TPU Guard （ Not Tempered Glass Protectors Case Cover）,,,
https://m.media-amazon.com/images/I/414KnuhFbOL._AC_UL320_.jpg,Puccy Privacy Screen Protector Film| compatible with Xiaomi Redmi Note 10 JE Smartphone Anti Spy TPU Guard （ Not Tempered Glass Protectors Case Cover）,,,
https://m.media-amazon.com/images/I/51JLhaQsaFL._AC_UL320_.jpg,Puccy 2 Pack Back Screen Protector Film| compatible with Xiaomi POCO X3 GT Smartphone Black Carbon TPU Guard Cover （ Not Tempered Glass/Not Front Screen Protectors/Not Case）,,,
https://m.media-amazon.com/images/I/51K7By75chL._AC_UL320_.jpg,Xiaomi Black Shark 3 Global Version| SG 3 Pin 65W Fast Charge Power Adapter|SG Local Official Warranty|8GB RAM|128GB ROM| Knight Grey,,,
https://m.media-amazon.com/images/I/61D7FRHHKlL._AC_UL320_.jpg,"UMIDIGI A11 Pro Max Unlocked Cell Phone| with Sony Camera| 6.8"" FHD Full View Screen| 5150mAh Battery Android 11 Smartphone with Dual SIM (4G LTE) (A11 Pro Max 8+128G| Mist Blue)",295,3.8,137
https://m.media-amazon.com/images/I/61yf9Bbvs8L._AC_UL320_.jpg,Belkin Car Vent Mount with Cable Management,34.12,4.4,6'204
https://m.media-amazon.com/images/I/51kRoawNGML._AC_UL320_.jpg,GVKVGIH Dual SIM Adapter (2 Pcs) for Samsung S7 / S7 Edge / S8 / S8+ Huawei Mate7/8/9 Xiaomi Lenovo|Ultra-Slim 2-in-1 Gold Extender for Android Smartphone,15.27,2.6,17
https://m.media-amazon.com/images/I/51eIAGvGpLL._AC_UL320_.jpg,Xiaomi Mi 11 Dual Sim Smartphone (8GB RAM+256GB ROM - Midnight Gray),,,
https://m.media-amazon.com/images/I/61bD+2ZxGyS._AC_UL320_.jpg,Xiaomi Redmi Note 10 Dual Sim Smartphone (4GB RAM+64GB ROM - Onyx Grey),555,4.7,3'543
https://m.media-amazon.com/images/I/517dPpax21L._AC_UL320_.jpg,Xiaomi Redmi Note 10 Pro 64GB Dual SIM| GSM Unlocked| (CDMA Verizon/Sprint Not Supported) Smartphone International Version No Warranty (Glacier Blue),372.37,3,5
https://m.media-amazon.com/images/I/61Np5iC3RUL._AC_UL320_.jpg,"Xiaomi Mi TV P1 Television| 55"" 4K UHD|Black",599,1,1
https://m.media-amazon.com/images/I/81Nu+AyalaL._AC_UL320_.jpg,Xiaomi Mi 10T Pro Dual-SIM 256GB ROM + 8GB RAM Factory Unlocked 5G Smartphone (Blue) - International Version,1'535.00,4.5,161
https://m.media-amazon.com/images/I/91TCHezZL5L._AC_UL320_.jpg,"Xiaomi Redmi 9C - Smartphone 6.53 ""| 3 GB + 64 GB| Dual Sim| Android 10.0| Arancione (Sunrise Orange)",276.45,4.4,71
https://m.media-amazon.com/images/I/61J6Mczix5L._AC_UL320_.jpg,OnePlus 8 5G Dual Sim Smartphone| 8GB RAM| 128GB ROM| Onyx Black (1 Year Warranty),818,4.6,46
https://m.media-amazon.com/images/I/513FsbsfCWL._AC_UL320_.jpg,Xiaomi Redmi 9C DUAL SIM 32GB ROM + 2GB RAM Factory Unlocked 4G/LTE Smartphone(Twilight Blue)-International Version,529,4.5,145
https://m.media-amazon.com/images/I/61uJvn9Kn8L._AC_UL320_.jpg,Xiaomi Mi Mix 2S DUAL SIM 64GB ROM + 6GB RAM Factory Unlocked 4G/LTE Smartphone(Black)-International Version,1'055.00,4.3,213
https://m.media-amazon.com/images/I/717nsZxgMaL._AC_UL320_.jpg,"Xiaomi Redmi 9C Smartphone 128GB + 4GB 6.53""HD + Dot Drop Display 5000mAh| Face Recognition AI| 13 MP| Triple Camera (NOT for Verizon Boost Cricket) + (w/Fast Car Charger Bundle) (Midnight Gray)",278.55,4.6,19
https://m.media-amazon.com/images/I/61ZD+VN5CuS._AC_UL320_.jpg,"Xiaomi Mi TV P1 55""| Android TV 4K UHD| 60Hz Refresh Rate| Dolby Audio and DTS-HD| Smart TV with Google Playstore| Netflix| Youtube",,,
https://m.media-amazon.com/images/I/511AbjpIytL._AC_UL320_.jpg,Xiaomi Redmi Note 10 Pro 64GB Dual SIM| GSM Unlocked| (CDMA Verizon/Sprint Not Supported) Smartphone International Version No Warranty (Onyx Gray),372.19,4.5,13
https://m.media-amazon.com/images/I/51makLbLmyL._AC_UL320_.jpg,Mini Aluminum Alloy USB-C/Type-C Male to USB Female OTG Adapter Connector| For USB Flash Drive Disk| Galaxy S8 & S8 + / LG G6 /Huawei P10 & P10 Plus/Xiaomi Mi6 & Max 2 and other Smartphones Anti-S,,,
https://m.media-amazon.com/images/I/61p2JziulfL._AC_UL320_.jpg,"Xiaomi Redmi 9C Smartphone 128GB + 4GB 6.53""HD + Dot Drop Display 5000mAh| Face Recognition AI| 13 MP| Triple Camera (NOT for Verizon Boost Cricket) + (w/Fast Car Charger Bundle) (Purple)",276.16,4.6,19
https://m.media-amazon.com/images/I/61prWVk+rpL._AC_UL320_.jpg,"Xiaomi Mi TV P1 Television| 43"" 4K UHD|Black",,,
https://m.media-amazon.com/images/I/61LjdxkPEJL._AC_UL320_.jpg,FeiyuTech Vlog Pocket 2 Stabilizer Phone Gimbal for iPhone 11 12 Pro Max Huawei Samsung Xiaomi Smartphones Andriod/iOS Tiktok Vlog Payload 250g,129,2.9,2
https://m.media-amazon.com/images/I/61mLYDmRePL._AC_UL320_.jpg,Xiaomi Redmi Note 10 Pro Smartphone Phone| 6GB RAM + 128GB ROM| Unlocked Cell Phone with a 108MP Rear Quad Camera| 5020mAh Battery 33W Fast Wired Charging| 6.67” AMOLED Display| Orange,442.21,4,1
https://m.media-amazon.com/images/I/61FTnGrTybL._AC_UL320_.jpg,Yoedge for Xiaomi Mi 11 Lite Case 6.55 inch| Black Silicone with Personalised Print Patterned Protective Cover Ultra Slim Shockproof TPU Gel Phone Cases for Xiaomi 11 Lite Smartphone| 02,13.51,1,1
https://m.media-amazon.com/images/I/616xdRHj+ML._AC_UL320_.jpg,Yoedge for Xiaomi Mi 11 Lite Case 6.55 inch| Black Silicone with Personalised Print Patterned Protective Cover Ultra Slim Shockproof TPU Gel Phone Cases for Xiaomi 11 Lite Smartphone| 18,12.99,1,1
https://m.media-amazon.com/images/I/612CP5C5AWL._AC_UL320_.jpg,Yoedge for Xiaomi Mi 11 Lite Case 6.55 inch| Black Silicone with Personalised Print Patterned Protective Cover Ultra Slim Shockproof TPU Gel Phone Cases for Xiaomi 11 Lite Smartphone| 09,12.99,1,1
https://m.media-amazon.com/images/I/61p6ofr8QUS._AC_UL320_.jpg,Yoedge for Xiaomi Mi 11 Lite Case 6.55 inch| Black Silicone with Personalised Print Patterned Protective Cover Ultra Slim Shockproof TPU Gel Phone Cases for Xiaomi 11 Lite Smartphone| 19,13.2,1,1
https://m.media-amazon.com/images/I/61BbCpd2YSS._AC_UL320_.jpg,Yoedge for Xiaomi Redmi Note 10 5G Case 6.5 inch| Black Silicone with Personalised Print Patterned Protective Cover Ultra Slim Shockproof TPU Gel Phone Cases for Xiaomi RedmiNote10 Smartphone| 06,,,
https://m.media-amazon.com/images/I/616xdRHj+ML._AC_UL320_.jpg,Yoedge for Xiaomi Redmi Note 10 5G Case 6.5 inch| Black Silicone with Personalised Print Patterned Protective Cover Ultra Slim Shockproof TPU Gel Phone Cases for Xiaomi RedmiNote10 Smartphone| 18,,,
https://m.media-amazon.com/images/I/612CP5C5AWL._AC_UL320_.jpg,Yoedge for Xiaomi Redmi Note 10 5G Case 6.5 inch| Black Silicone with Personalised Print Patterned Protective Cover Ultra Slim Shockproof TPU Gel Phone Cases for Xiaomi RedmiNote10 Smartphone| 09,,,
https://m.media-amazon.com/images/I/61KEIF-3maL._AC_UL320_.jpg,Yoedge for Xiaomi Mi 10S 5G Case 6.67 inch| Black Silicone with Personalised Print Patterned Protective Cover Ultra Slim Shockproof TPU Gel Phone Cases for Xiaomi 10S 5G Smartphone| 01,,,
https://m.media-amazon.com/images/I/61p6ofr8QUS._AC_UL320_.jpg,Yoedge for Xiaomi Mi 10S 5G Case 6.67 inch| Black Silicone with Personalised Print Patterned Protective Cover Ultra Slim Shockproof TPU Gel Phone Cases for Xiaomi 10S 5G Smartphone| 19,,,
https://m.media-amazon.com/images/I/41nr6uCAdzL._AC_UL320_.jpg,Xiaomi Redmi 10 (6GB +128GB) - Pebble White,342.15,4.7,8
https://m.media-amazon.com/images/I/61-CfrXA9pL._AC_UL320_.jpg,Xiaomi Redmi 9C - Smartphone 64GB| 3GB RAM| Dual Sim| Sunrise Orange,555,4.3,119
https://m.media-amazon.com/images/I/61hqEGlSpDS._AC_UL320_.jpg,"Cell Phone iPad Foldable Stand| Desk Adjustable Mobile Aluminum Holder Anti-Slip| for iPhone Samsung Xiaomi Smartphone Tablet All Cell Phones 4-10"" Office Desktop Phone Dock Stand",,,
https://m.media-amazon.com/images/I/51+Z-yKq-HL._AC_UL320_.jpg,Puccy 2 Pack Back Screen Protector Film| compatible with Xiaomi Redmi Note 10 JE Smartphone Black Carbon TPU Guard Cover （ Not Tempered Glass/Not Front Screen Protectors/Not Case）,,,
https://m.media-amazon.com/images/I/51Xy2u9kaDL._AC_UL320_.jpg,Puccy 3 Pack Anti Blue Light Screen Protector Film| compatible with Xiaomi Redmi Note 10 JE Smartphone TPU Guard （ Not Tempered Glass Protectors Case Cover ）,,,
https://m.media-amazon.com/images/I/415y3rhuK2S._AC_UL320_.jpg,ICYSTOR Finger Phone Holder stands Circle Grip Phone Holder Smartphones for iphone 7 xiaomi mi8 5 plus Cell mobile Phone Ring Holder,,,
https://m.media-amazon.com/images/I/61Nq4Y2RpXL._AC_UL320_.jpg,USB C Microphone Cable| Devinal XLR Female to Type-C Cord Adapter Connector| Compatible with Sumsung Google Huawei Xiaomi USB Type-C Devices Smartphone or MacBook 10FT,56.92,3.7,31
https://m.media-amazon.com/images/I/51BHAGXRJTL._AC_UL320_.jpg,Xiaomi Mi Smart Kettle Pro White,79,4.4,515
https://m.media-amazon.com/images/I/41XZNfvphxL._AC_UL320_.jpg,Generic Universal New Phone Holder Stand Mobile Smartphone Support Tablet Stand For IPhone Xiaomi,,,
https://m.media-amazon.com/images/I/21eBo2koc1L._AC_UL320_.jpg,Generic Cable-Adapter Headphone-Cable Jack Smart-Phone Type-C Huawei Xiaomi Audio USB-C To,,,
https://m.media-amazon.com/images/I/41I1UUo8YdL._AC_UL320_.jpg,Generic Portable Phone Holder Stand Mobile Smartphone Support Tablet Stand For IPhone Xiaomi,,,
https://m.media-amazon.com/images/I/41I1UUo8YdL._AC_UL320_.jpg,Generic Portable Phone Holder Stand Mobile Smartphone Support Tablet Stand For IPhone Xiaomi,,,
https://m.media-amazon.com/images/I/41eL4fTWl3L._AC_UL320_.jpg,Generic Phone-Holder Desk-Mount-Stand Table Smart-Phone Huawei Elephant Universal Xiaomi,,,
https://m.media-amazon.com/images/I/41I1UUo8YdL._AC_UL320_.jpg,Generic Portable Phone Holder Stand Mobile Smartphone Support Tablet Stand For IPhone Xiaomi,,,
https://m.media-amazon.com/images/I/61jagFts8rL._AC_UL320_.jpg,Generic Mobile-Phone-Holder Smartphone-Support-Stand Xiaomi Portable For iPhone Universal-Bracket,,,
https://m.media-amazon.com/images/I/41qdpM8bk0L._AC_UL320_.jpg,Generic Phone-Holder Mobile-Phone-Accessories Foldable Smart-Phone Huawei Xiaomi for Huawei/iPhone12/Adjustable,,,
https://m.media-amazon.com/images/I/41qdpM8bk0L._AC_UL320_.jpg,Generic Phone-Holder Mobile-Phone-Accessories Foldable Smart-Phone Huawei Xiaomi for Huawei/iPhone12/Adjustable,,,
https://m.media-amazon.com/images/I/21eBo2koc1L._AC_UL320_.jpg,Generic Cable-Adapter Headphone-Cable Jack Smart-Phone Type-C Huawei Xiaomi Audio USB-C To,,,
https://m.media-amazon.com/images/I/41XZNfvphxL._AC_UL320_.jpg,Generic Universal New Phone Holder Stand Mobile Smartphone Support Tablet Stand For IPhone Xiaomi,,,
https://m.media-amazon.com/images/I/41eL4fTWl3L._AC_UL320_.jpg,Generic Phone-Holder Desk-Mount-Stand Table Smart-Phone Huawei Elephant Universal Xiaomi,,,
https://m.media-amazon.com/images/I/41rzqorHOBL._AC_UL320_.jpg,Generic Mobile-Phone-Holder Smartphone-Support-Stand Xiaomi Portable For iPhone Universal-Bracket,,,
https://m.media-amazon.com/images/I/41uua-f70wL._AC_UL320_.jpg,Generic Converter Data-Cable Otg-Adapter USB Smart-Phone Type-C otg Huawei Xiaomi Android 1pc,,,
https://m.media-amazon.com/images/I/41VdTLL3qRL._AC_UL320_.jpg,Generic Converter Data-Cable Otg-Adapter USB Smart-Phone Type-C otg Android Huawei Xiaomi 1pc,,,
https://m.media-amazon.com/images/I/41uua-f70wL._AC_UL320_.jpg,Generic Converter Data-Cable Otg-Adapter USB Smart-Phone Type-C otg Android Huawei Xiaomi 1pc,,,
https://m.media-amazon.com/images/I/41uua-f70wL._AC_UL320_.jpg,Generic Converter Data-Cable Otg-Adapter USB Smart-Phone Type-C otg Huawei Xiaomi Android 1pc,,,
https://m.media-amazon.com/images/I/517jDPvk7NL._AC_UL320_.jpg,Strong 3 Layer Sealing Swimming Bags Waterproof Smart Phone Pouch Bag Diving Bags for IPhone Pocket Case for Xiaomi HTC,,,
https://m.media-amazon.com/images/I/41SQAzKg5mL._AC_UL320_.jpg,cheap Headphones wired Earphone E18 Adjustable volume pause/play For Huawei xiaomi Honor 3.5mm earbuds with mic for smartphone,,,
https://m.media-amazon.com/images/I/41bkyR5s-PS._AC_UL320_.jpg,Cute Animal pig Penguin Dinosaur Panda Mobile Phone Stand Holder Finger Ring Smartphone Holder Stand For Iphone Xiaomi All Phone,,,
https://m.media-amazon.com/images/I/41KrUkDm1dS._AC_UL320_.jpg,UVR 360 Degree Metal Finger Ring Perfume Ring Smartphone Stand Holder Mobile Phone Holder Stand For iPhone Xiaomi All Phone#,,,
https://m.media-amazon.com/images/I/41GPJMDCy8L._AC_UL320_.jpg,Finger Ring Mobile Phone Smartphone Sockets Stand Holder For iPhone XS Xiaomi Huawei cell Phone holder Car Mount Stand,,,
https://m.media-amazon.com/images/I/415TkZBuqML._AC_UL320_.jpg,Mobile Phone Ring Socket Car Mount Telephone Stand Accessories for iPhone Huawei Xiaomi Smartphone Tablets,,,
https://m.media-amazon.com/images/I/51dRBPPmP6S._AC_UL320_.jpg,3.5mm Wired Earphone stereo Noise reduction Ear-Hook Sport Music Headset With Mic For iPhone Huawei Xiaomi smart phone,,,
https://m.media-amazon.com/images/I/41h7MTrUV7S._AC_UL320_.jpg,10Pairs/20pcs USB Charging Port Type C Dust Plug charging port Silicone Cover for Huawei xiaomi Smart Phone Accessories,,,
https://m.media-amazon.com/images/I/31NqSWAw0iL._AC_UL320_.jpg,UVR Animal Cat Mobile Phone Stand Holder Finger Ring Smartphone Cute Cat Holder Stand For Xiaomi Huawei All Phone,,,
https://m.media-amazon.com/images/I/51uZ0sBKFWS._AC_UL320_.jpg,Mini Flexible Sponge Octopus Tripod For iPhone Xiaomi Huawei Smartphone Tripod for Gopro Camera With Phone Clip Holder,,,
https://m.media-amazon.com/images/I/416BqzJPNcL._AC_UL320_.jpg,1pcs Cell Phone Holder For IPhone Xiaomi Smartphone Support Tablet Desktop Holder Mobile Stand random color,,,
https://m.media-amazon.com/images/I/512qtkdWoJL._AC_UL320_.jpg,SMOOTH X Phone Gimbal Handheld Stabilizer Selfie Stick Palo Smartphones for iPhone Huawei Xiaomi Redmi,,,
https://m.media-amazon.com/images/I/51sEtRNe7nS._AC_UL320_.jpg,Panda Bear Cute Animal Mobile Phone Stand Holder Finger Ring Smartphone Cartoon Holder Stand For Xiaomi Huawei All Phone,,,
https://m.media-amazon.com/images/I/41Ctb4p8-jS._AC_UL320_.jpg,Finger Ring Banana Cactus Mobile Phone Stand Holder Ice Cream Smartphone Holder Stand for Iphone Xiaomi All Phone,,,
https://m.media-amazon.com/images/I/61mBhMD74pL._AC_UL320_.jpg,Foldable Fan Radiator Mobile Phone Cooler Cooling Support Holder Bracket For IPhone Huawei Xiaomi Smartphone Tablet R25,,,
https://m.media-amazon.com/images/I/515w0mUbK8L._AC_UL320_.jpg,HONGBIAO SM M8 Wired Earphones Earbuds Music In-Ear Headset Sport Earphone with Microphone For iPhone Xiaomi Smartphone,,,
https://m.media-amazon.com/images/I/41a-Q1NWPsS._AC_UL320_.jpg,Universal Mobilephone Cooler Cooling Support Holder Fan Radiator For iPhone X Huawei Xiaomi Smartphone Tablet,,,
https://m.media-amazon.com/images/I/51XLAamSjKS._AC_UL320_.jpg,Mini Portable Folding Plastic Stand Tripod Tripode&Universal Phone Clamp Bracket Smartphones Holder Clip for xiaomi|huawei,,,
https://m.media-amazon.com/images/I/615HiKMfM4S._AC_UL320_.jpg,Mobile Phone Ring Holder Stand Mobile Ring Holder For iPhone Huawei Xiaomi Phone Ring holder Car Mobile phone smartphone support,,,
https://m.media-amazon.com/images/I/31u7gHei+BS._AC_UL320_.jpg,Mini Tripods for Camera Flexible Sponge Tripod Monopod for iPhone Xiaomi Huawei Smartphone Tripod for Gopro Accessory tripode,,,
https://m.media-amazon.com/images/I/51b5UBv5RRS._AC_UL320_.jpg,360 Degree Camellia Colorful Flower Finger Ring Stand Holder Mobile Phone Holder Stand For Iphone Xiaomi Huawei All SmartPhone,,,
https://m.media-amazon.com/images/I/51aoO07k7fS._AC_UL320_.jpg,EO IG955 AKG Headphones|Type-C In-Ear Headphone with Microphone Cable for Galaxy note10 huawei xiaomi smartphone,,,
https://m.media-amazon.com/images/I/41w65+W2JSS._AC_UL320_.jpg,Foldable Fan Radiator Mobile Phone Cooler Cooling Support Holder Bracket for IPhone Huawei Xiaomi Smartphone Tablet,,,
https://m.media-amazon.com/images/I/61WOum8IfmS._AC_UL320_.jpg,Mini Flexible Sponge Octopus Tripod for iPhone Xiaomi Huawei Mobile Phone Smartphone Tripod for Gopro 7 6 5 Camera,,,
https://m.media-amazon.com/images/I/41qdpM8bk0L._AC_UL320_.jpg,Phone Holder Foldable Cellphone Support Stand For IPhone Tablet Xiaomi Adjustable Mobile Smartphone Holder Stand Bracket,,,
https://m.media-amazon.com/images/I/41va-G0-xGL._AC_UL320_.jpg,Car Magnetic Holder Moblie Phone Mount Holder Air Vent Smartphone Stand Magnet Stand For Car GPS Iphone Xiaomi Z2,,,
https://m.media-amazon.com/images/I/510YkxsRvBS._AC_UL320_.jpg,Luxury phone Expanding socket Stand Grip for Smartphones finger holder Pineapple Pattern Earphone winder for xiaomi for iphone,,,
https://m.media-amazon.com/images/I/515LfyKoWjS._AC_UL320_.jpg,Mini Flexible Sponge Octopus Tripod for iPhone Xiaomi Huawei Mobile Phone Smartphone Tripod for Gopro 9 8 7 Camera,,,
https://m.media-amazon.com/images/I/6103oxECWCL._AC_UL320_.jpg,Mini Flexible Sponge Octopus Tripod for iPhone Xiaomi Huawei Mobile Phone Smartphone Tripod for Gopro 8 7 5 Camera,,,
https://m.media-amazon.com/images/I/31MF4+zPLnS._AC_UL320_.jpg,Tripod Stand Holder Mini Flexible Sponge Octopus For Gopro 8 7 5 Camera For IPhone Xiaomi Huawei Mobile Phone Smartphone,,,
https://m.media-amazon.com/images/I/61mCVOHrBvL._AC_UL320_.jpg,UVR Unicorn Mobile Phone Stand Holder Unicorn Finger Ring Mobile Smartphone Holder Stand For iPhone Xiaomi Huawei All Phone,,,
https://m.media-amazon.com/images/I/51XN-larbjS._AC_UL320_.jpg,Profesional Aluminum Mini Tripods With Bluetooth Control Camera Tripod Stand For Camera Phone Smartphone iphone Xiaomi Huawei,,,
https://m.media-amazon.com/images/I/41iW3Lc7FrL._AC_UL320_.jpg,Universal Cell Phone Holder For iPhone Xiaomi Smartphone Support Tablet Desktop Holder Mobile Stand Random Color,,,
https://m.media-amazon.com/images/I/61mCVOHrBvL._AC_UL320_.jpg,Acrylic Unicorn Mobile Phone Stand Holder Unicorn Finger Ring Mobile Smartphone Holder Stand For IPhone Xiaomi Huawei All Phone,,,
https://m.media-amazon.com/images/I/51fALftImuL._AC_UL320_.jpg,YI Security Camera Outdoor| 1080p Outside Surveillance Front Door IP Smart Cam with Waterproof| WiFi| Cloud| Night Vision| Motion Detection Sensor| Smartphone App| Works with Alexa,69.9,4.2,6'665
https://m.media-amazon.com/images/I/61CdrE7YplS._AC_UL320_.jpg,3.5mm Jack In Ear Earphones Smart Phones Quad Core HIFI Bass Stereo Earbuds With Microphone For Huawei Xiaomi PC Tablet,,,
https://m.media-amazon.com/images/I/518Uo9xFBTL._AC_UL320_.jpg,5 pcs/Lot Capacitive Screen Stylus Pen For iPad Air Mini Pro For iPhone Xiaomi Smart Phones Tablets Pencil,,,
https://m.media-amazon.com/images/I/514Y-Y3dySL._AC_UL320_.jpg,Xiaomi Mi Robot Vacuum Mop 2 Pro EU (White),,,
https://m.media-amazon.com/images/I/611zZvbUe0L._AC_UL320_.jpg,New Universal Neoprene Cell Phone Bag for Xiaomi and 6.4 Inch Smart Phone (Black) BlossomY (Color : Black),,,
https://m.media-amazon.com/images/I/611zZvbUe0L._AC_UL320_.jpg,New Universal Neoprene Cell Phone Bag for Xiaomi and 6.4 Inch Smart Phone (Black) Wangwangdui (Color : Black),,,
https://m.media-amazon.com/images/I/611zZvbUe0L._AC_UL320_.jpg,New Universal Neoprene Cell Phone Bag for Xiaomi and 6.4 Inch Smart Phone (Black) ZhouSS (Color : Black),,,
https://m.media-amazon.com/images/I/611zZvbUe0L._AC_UL320_.jpg,New Universal Neoprene Cell Phone Bag for Xiaomi and 6.4 Inch Smart Phone (Black) Yanggege (Color : Black),,,
https://m.media-amazon.com/images/I/41T8RtdBVLL._AC_UL320_.jpg,INIU Sucker Car Phone Holder in Car Clip Air Vent Mount No Magnetic Cell Stand Support Mobile Smartphone For iPhone Xiaomi ( Color : Red Air Vent Type ),,,
https://m.media-amazon.com/images/I/41ozitokBmL._AC_UL320_.jpg,INIU Sucker Car Phone Holder in Car Clip Air Vent Mount No Magnetic Cell Stand Support Mobile Smartphone For iPhone Xiaomi ( Color : Gray Sucker Type ),,,
https://m.media-amazon.com/images/I/41tyhYBO+LL._AC_UL320_.jpg,INIU Sucker Car Phone Holder in Car Clip Air Vent Mount No Magnetic Cell Stand Support Mobile Smartphone For iPhone Xiaomi ( Color : Red Sucker Type ),,,
https://m.media-amazon.com/images/I/41kbwOFcOhL._AC_UL320_.jpg,INIU Sucker Car Phone Holder in Car Clip Air Vent Mount No Magnetic Cell Stand Support Mobile Smartphone For iPhone Xiaomi ( Color : Gray Air Vent Type ),,,
https://m.media-amazon.com/images/I/51dI9cOGzDL._AC_UL320_.jpg,New For Smart Phone Self Light with Hook| For iPhone| Galaxy| Huawei| Xiaomi| LG| HTC and Other Smart Phones(Black) BlossomY (Color : Magenta),,,
https://m.media-amazon.com/images/I/51dI9cOGzDL._AC_UL320_.jpg,New For Smart Phone Self Light with Hook| For iPhone| Galaxy| Huawei| Xiaomi| LG| HTC and Other Smart Phones(Black) Wangwangdui (Color : Magenta),,,
https://m.media-amazon.com/images/I/51PZI8VlgHL._AC_UL320_.jpg,New For Smart Phone Self Light with Hook| For iPhone| Galaxy| Huawei| Xiaomi| LG| HTC and Other Smart Phones(Black) ZhouSS (Color : Black),,,
https://m.media-amazon.com/images/I/51PZI8VlgHL._AC_UL320_.jpg,New For Smart Phone Self Light with Hook| For iPhone| Galaxy| Huawei| Xiaomi| LG| HTC and Other Smart Phones(Black) Yanggege (Color : Black),,,
https://m.media-amazon.com/images/I/61cDz8MRhyL._AC_UL320_.jpg,Suitable for Apple| Samsung| Xiaomi smart phone car bracket suction cup type arbitrary rotation mobile phone universal clip,,,
https://m.media-amazon.com/images/I/31UNl4WcGqL._AC_UL320_.jpg,It is a perfect choice for you Universal car phone holder base mounting for iPhone| Galaxy| Huawei| Xiaomi| Lenovo| Sony| LG| HTC and other smartphones,,,
https://m.media-amazon.com/images/I/41t4KXa+1fL._AC_UL320_.jpg,Universal Car Phone Mount Holder Magnetic Air Vent Smartphone Stand Magnet Holder For Car GPS Iphone Samsung Xiaomi Z2 (Color : Black),,,
https://m.media-amazon.com/images/I/61RKDT8dWsL._AC_UL320_.jpg,Wyan SG Car Phone Holder with Navigator Outlet Bracket| For iPhone| Galaxy| Huawei| Xiaomi| LG| HTC and other Smartphones (Color : Blue),,,
https://m.media-amazon.com/images/I/518wcb-hk5L._AC_UL320_.jpg,Wyan SG Universal Car Air Vent Mount Phone Holder| For iPhone| Samsung| Huawei| Xiaomi| HTC and Other Smartphones,,,
https://m.media-amazon.com/images/I/511M5D9k6RL._AC_UL320_.jpg,Wyan SG Cupula Universal Car Air Vent Mount Phone Holder| For iPhone| Samsung| Huawei| Xiaomi| HTC and Other Smartphones(Black) (Color : Orange),,,
https://m.media-amazon.com/images/I/51yR02eqcxL._AC_UL320_.jpg,New Universal Phone Aluminum Alloy Clamp Holder Bracket with Cold Shoe| For iPhone| Galaxy| Huawei| Xiaomi| Sony| HTC| Google and other Smartphones Yanggege,,,
https://m.media-amazon.com/images/I/71jnzYZ15TL._AC_UL320_.jpg,Interior Accessories Multifunctional Universal Car Air Vent Mount Phone Holder| For iPhone| Samsung| Huawei| Xiaomi| HTC and Other Smartphones(Black) (Color : Black),,,
https://m.media-amazon.com/images/I/51LfmnvHiYL._AC_UL320_.jpg,Car Holder Cupula Universal Car Air Vent Mount Phone Holder| For iPhone| Samsung| Huawei| Xiaomi| HTC and Other Smartphones(Black) (Color : Yellow),,,
https://m.media-amazon.com/images/I/61JQlwUKk3L._AC_UL320_.jpg,XIAOMI Mi 11 ULTRA USER GUIDE: The Complete User Manual for Beginners and seniors to Master the New Xiaomi Mi 11 Ultra with Tips and Tricks,,,
https://m.media-amazon.com/images/I/61Jd+0VS0dL._AC_UL320_.jpg,XIAOMI MI 11 ULTRA USER GUIDE,,,
https://m.media-amazon.com/images/I/71iLd6Sby2L._AC_UL320_.jpg,Smartphone Grundlagen (German Edition),,,
https://m.media-amazon.com/images/I/517N62pDUHL._AC_UL320_.jpg,The Strategy of the Smartphone Industry. A Comparative Analysis of Apple| Sony and Xiaomi,,,
https://m.media-amazon.com/images/I/61BdsBR6JHL._AC_UL320_.jpg,Mobile game accessories CCF-013 Multi-function 3 in 1 Phone Gamepad Holder Handle with Charging/Radiating| For Galaxy| Huawei| Xiaomi| LG| HTC| and other Smartphones(Black)，It can be used for a long,,,
https://m.media-amazon.com/images/I/61BdsBR6JHL._AC_UL320_.jpg,Universal retractable Bluetooth gamepad CCF-013 Multi-function 3 in 1 Phone Gamepad Holder Handle with Charging/Radiating| For Galaxy| Huawei| Xiaomi| LG| HTC| and other Smartphones(Black)，It can be,,,
https://m.media-amazon.com/images/I/51txcXFYmZL._AC_UL320_.jpg,Nice Micro USB Female to USB-C/Type-C Male Elbow Adapter Converter| For Samsung| Huawei| Xiaomi| HTC| Meizu| Sony and other Smartphones BlossomY,,,
https://m.media-amazon.com/images/I/41-BYJhXKEL._AC_UL320_.jpg,Nice 1m Woven Style Micro USB to USB Data/Charging Cable| For Samsung/Huawei/Xiaomi/Meizu/LG/HTC and Other Smartphones(Black) Wangwangdui (Color : Red),,,
https://m.media-amazon.com/images/I/51kjrH3nBcL._AC_UL320_.jpg,Nice 5 PCS 1m High Speed Micro USB to USB Data Sync Charging Cable Kits| For Samsung| Huawei| Xiaomi| LG| HTC and other Smartphones Wangwangdui,,,
https://m.media-amazon.com/images/I/419MR44BoYL._AC_UL320_.jpg,Nice 2 PCS 1m High Speed Micro USB to USB Data Sync Charging Cable Kits| For Samsung| Huawei| Xiaomi| LG| HTC and other Smartphones Wangwangdui,,,
https://m.media-amazon.com/images/I/61-0FVvIglL._AC_UL320_.jpg,Nice 24cm USB Elbow to Micro USB Elbow Charging Cable| For Samsung/Huawei/Xiaomi/Meizu/LG/HTC and Other Smartphones Wangwangdui,,,
https://m.media-amazon.com/images/I/51fnq74qvSL._AC_UL320_.jpg,Nice 4 PCS 1m High Speed Micro USB to USB Data Sync Charging Cable Kits| For Samsung| Huawei| Xiaomi| LG| HTC and other Smartphones Wangwangdui,,,
https://m.media-amazon.com/images/I/51+qu5aoBGL._AC_UL320_.jpg,Nice 20cm USB 2.0 Female to Micro USB Male Data Charging Cable| For Samsung/Huawei/Xiaomi/Meizu/LG/HTC and Other Smartphones Wangwangdui,,,
https://m.media-amazon.com/images/I/51Ugwzy4QiL._AC_UL320_.jpg,Nice 4 PCS 1m High Speed Micro USB to USB Data Sync Charging Cable Kits| For Samsung| Huawei| Xiaomi| LG| HTC and other Smartphones Wangwangdui,,,
https://m.media-amazon.com/images/I/51txcXFYmZL._AC_UL320_.jpg,Nice Micro USB Female to USB-C/Type-C Male Elbow Adapter Converter| For Samsung| Huawei| Xiaomi| HTC| Meizu| Sony and other Smartphones Wangwangdui,,,
https://m.media-amazon.com/images/I/617vnI0Lw1L._AC_UL320_.jpg,New Universal Litchi Texture Vertical Flip PU Leather Case/Waist Bag for Xiaomi and 6.4 Inch Smart Phone (Black) Wangwangdui (Color : Black),,,
https://m.media-amazon.com/images/I/61ocBd9tLcL._AC_UL320_.jpg,Nice 5 PCS 1m High Speed Micro USB to USB Data Sync Charging Cable Kits| For Samsung| Huawei| Xiaomi| LG| HTC and other Smartphones Wangwangdui,,,
https://m.media-amazon.com/images/I/61AEZ1x2eOL._AC_UL320_.jpg,New 1m Weave Line USB to Micro USB Magnetic Charging Cable| For Samsung/Huawei/Xiaomi/Meizu/LG/HTC and Other Smartphones(Black) Wangwangdui (Color : Black),,,
https://m.media-amazon.com/images/I/51M6zgzQWZL._AC_UL320_.jpg,Nice 5 PCS Colors 1m High Speed Micro USB to USB Data Sync Charging Cable Kits| For Samsung| Huawei| Xiaomi| LG| HTC and other Smartphones Wangwangdui,,,
https://m.media-amazon.com/images/I/415deS8YCeL._AC_UL320_.jpg,Nice 3 PCS 1m High Speed Micro USB to USB Data Sync Charging Cable Kits| For Samsung| Huawei| Xiaomi| LG| HTC and other Smartphones Wangwangdui,,,
https://m.media-amazon.com/images/I/51fnq74qvSL._AC_UL320_.jpg,Nice 4 PCS 1m High Speed Micro USB to USB Data Sync Charging Cable Kits| For Samsung| Huawei| Xiaomi| LG| HTC and other Smartphones ZhouSS,,,
https://m.media-amazon.com/images/I/415deS8YCeL._AC_UL320_.jpg,Nice 3 PCS 1m High Speed Micro USB to USB Data Sync Charging Cable Kits| For Samsung| Huawei| Xiaomi| LG| HTC and other Smartphones ZhouSS,,,
https://m.media-amazon.com/images/I/61ocBd9tLcL._AC_UL320_.jpg,Nice 5 PCS 1m High Speed Micro USB to USB Data Sync Charging Cable Kits| For Samsung| Huawei| Xiaomi| LG| HTC and other Smartphones ZhouSS,,,
https://m.media-amazon.com/images/I/617vnI0Lw1L._AC_UL320_.jpg,New Universal Litchi Texture Vertical Flip PU Leather Case/Waist Bag for Xiaomi and 6.4 Inch Smart Phone (Black) ZhouSS (Color : Black),,,
https://m.media-amazon.com/images/I/419MR44BoYL._AC_UL320_.jpg,Nice 2 PCS 1m High Speed Micro USB to USB Data Sync Charging Cable Kits| For Samsung| Huawei| Xiaomi| LG| HTC and other Smartphones ZhouSS,,,
https://m.media-amazon.com/images/I/51txcXFYmZL._AC_UL320_.jpg,Nice Micro USB Female to USB-C/Type-C Male Elbow Adapter Converter| For Samsung| Huawei| Xiaomi| HTC| Meizu| Sony and other Smartphones ZhouSS,,,
https://m.media-amazon.com/images/I/51+qu5aoBGL._AC_UL320_.jpg,Nice 20cm USB 2.0 Female to Micro USB Male Data Charging Cable| For Samsung/Huawei/Xiaomi/Meizu/LG/HTC and Other Smartphones ZhouSS,,,
https://m.media-amazon.com/images/I/51kjrH3nBcL._AC_UL320_.jpg,Nice 5 PCS 1m High Speed Micro USB to USB Data Sync Charging Cable Kits| For Samsung| Huawei| Xiaomi| LG| HTC and other Smartphones ZhouSS,,,
https://m.media-amazon.com/images/I/51Ugwzy4QiL._AC_UL320_.jpg,Nice 4 PCS 1m High Speed Micro USB to USB Data Sync Charging Cable Kits| For Samsung| Huawei| Xiaomi| LG| HTC and other Smartphones ZhouSS,,,
https://m.media-amazon.com/images/I/61-0FVvIglL._AC_UL320_.jpg,Nice 24cm USB Elbow to Micro USB Elbow Charging Cable| For Samsung/Huawei/Xiaomi/Meizu/LG/HTC and Other Smartphones ZhouSS,,,
https://m.media-amazon.com/images/I/61-0FVvIglL._AC_UL320_.jpg,Nice 24cm USB Elbow to Micro USB Elbow Charging Cable| For Samsung/Huawei/Xiaomi/Meizu/LG/HTC and Other Smartphones Yanggege,,,
https://m.media-amazon.com/images/I/51txcXFYmZL._AC_UL320_.jpg,Nice Micro USB Female to USB-C/Type-C Male Elbow Adapter Converter| For Samsung| Huawei| Xiaomi| HTC| Meizu| Sony and other Smartphones Yanggege,,,
https://m.media-amazon.com/images/I/617vnI0Lw1L._AC_UL320_.jpg,New Universal Litchi Texture Vertical Flip PU Leather Case/Waist Bag for Xiaomi and 6.4 Inch Smart Phone (Black) Yanggege (Color : Black),,,
https://m.media-amazon.com/images/I/51ijYy3EUQL._AC_UL320_.jpg,Nice Micro USB Male to USB 2.0 Female OTG Converter Adapter Cable| For Samsung| Sony| Meizu| Xiaomi| and other Smartphones(Black) Yanggege,,,
https://m.media-amazon.com/images/I/51HMsRvWrcL._AC_UL320_.jpg,UGREEN Car Phone Mount Air Vent Cell Phone Holder Compatible For iPhone 12 11 Pro Max Xs Max X Xr 8 Plus 7 6 Samsung Galaxy S10 Plus S9 S8 Note 9 8 S7 Edge Google Pixel 3 Xl Lg V40 V30 G7 Smartphone,16.99,3.8,1'624
https://m.media-amazon.com/images/I/91dgmEEI4rL._AC_UL320_.jpg,MM100 Universal Air Vent Car Phone Mount| Easy-Installation Firm Cell Phone Holder for Hands-Free| Compatible with iPhone Saumsung LG Huawei Xiaomi & All Smartphone or Car,31.14,4.5,12
https://m.media-amazon.com/images/I/31UNl4WcGqL._AC_UL320_.jpg,Universal Car Mobile Phone Holder Universal car phone holder base mounting for iPhone| Galaxy| Huawei| Xiaomi| Lenovo| Sony| LG| HTC and other smartphones,,,
https://m.media-amazon.com/images/I/41t4KXa+1fL._AC_UL320_.jpg,High Quality Universal Car Phone Mount Holder Magnetic Air Vent Smartphone Stand Magnet Holder For Car GPS Iphone Samsung Xiaomi Z2 (Color : Sliver),,,
https://m.media-amazon.com/images/I/61DCTlBR6PL._AC_UL320_.jpg,Wyan SG Steering Wheel Shape Car Phone Holder Mobile Phone Holder| For iPhone| Galaxy| Huawei| Xiaomi| Sony| LG| HTC| Google and other Smartphones,,,
https://m.media-amazon.com/images/I/51yiVNbZS3L._AC_UL320_.jpg,Wyan SG 360 Degree Spin Universal Car Air Vent Mount Phone Holder| For iPhone| Samsung| Huawei| Xiaomi| HTC and Other Smartphones(White) (Color : White),,,
https://m.media-amazon.com/images/I/51jfEwJUUYL._AC_UL320_.jpg,Wyan SG Rotatable Universal Car Air Vent Phone Holder Stand Mount| for iPFor iPhone| Galaxy| Huawei| Xiaomi| Lenovo| Sony| LG| HTC and Other Smartphones,,,
https://m.media-amazon.com/images/I/71jnzYZ15TL._AC_UL320_.jpg,Mobile Phone Bracket In Car| Multifunctional Universal Car Air Vent Mount Phone Holder| For iPhone| Samsung| Huawei| Xiaomi| HTC and Other Smartphones(Black) (Color : Black),,,
https://m.media-amazon.com/images/I/71jnzYZ15TL._AC_UL320_.jpg,WEI SHENG LI Multifunctional Universal Car Air Vent Mount Phone Holder| For iPhone| Samsung| Huawei| Xiaomi| HTC and Other Smartphones(Black) accessories (Color : Black),,,
https://m.media-amazon.com/images/I/61s-8mansAL._AC_UL320_.jpg,Car Interior Accessories Great Cupula Universal Car Air Vent Mount Phone Holder| For iPhone| Samsung| Huawei| Xiaomi| HTC and Other Smartphones(Black) (Color : White),,,
https://m.media-amazon.com/images/I/51j21-LxnUL._AC_UL320_.jpg,Car Holder Cupula Universal Car Air Vent Mount Phone Holder| For iPhone| Samsung| Huawei| Xiaomi| HTC and Other Smartphones(Black) Car Holder (Color : Blue),,,
https://m.media-amazon.com/images/I/5143VV3ulsL._AC_UL320_.jpg,Nice 8 Pin Female to Micro USB Male Metal Shell Adapter| For Samsung/Huawei/Xiaomi/Meizu/LG/HTC and Other Smartphones(Black) BlossomY (Color : Blue),,,
https://m.media-amazon.com/images/I/5143VV3ulsL._AC_UL320_.jpg,Nice 8 Pin Female to Micro USB Male Metal Shell Adapter| For Samsung/Huawei/Xiaomi/Meizu/LG/HTC and Other Smartphones(Black) Wangwangdui (Color : Blue),,,
https://m.media-amazon.com/images/I/61VfMkbTO8L._AC_UL320_.jpg,New 25cm USB to Micro USB Nylon Weave Style Double Elbow Charging Cable| For Samsung/Huawei/Xiaomi/Meizu/LG/HTC and Other Smartphones (Black) Wangwangdui (Color : Gold),,,
https://m.media-amazon.com/images/I/51lBvDQknQL._AC_UL320_.jpg,Nice 30cm 2 Cores 20 Copper Wires Micro USB to USB 2.0 Charger Cable| For Samsung| HTC| LG| Sony| Huawei| Lenovo| Xiaomi and other Smartphones Wangwangdui,,,
https://m.media-amazon.com/images/I/61eQHeNfoxL._AC_UL320_.jpg,New 1m USB to Micro USB Nylon Weave Style Double Elbow Charging Cable| For Samsung/Huawei/Xiaomi/Meizu/LG/HTC and Other Smartphones (Black) Wangwangdui (Color : Pink),,,
https://m.media-amazon.com/images/I/51DVNqUNWsL._AC_UL320_.jpg,Nice EAUC-12 Time Series Type-C to Type-C Interface +3.5 Interface Bending Audio Adapter| For Samsung| Huawei| Xiaomi| HTC| Meizu| Sony and other Smartphones (Grey) Wangwangdui (Color : Red),,,
https://m.media-amazon.com/images/I/21ZpXlEaSPL._AC_UL320_.jpg,GC-27m Micro USB to USB 1m Diamond Quick Charging USB Data Cable for Galaxy| Huawei| Xiaomi| HTC| Sony and Other Smartphones New (Pink) Wangwangdui (Color : White),,,
https://m.media-amazon.com/images/I/51oesQ-pbdL._AC_UL320_.jpg,Nice 20cm USB 3.0 Male to USB-C/Type-C 3.1 Female Connector Adapter Cable| For Samsung| LG| Huawe| Oneplus| Xiaomi and other Smartphones(Black) Wangwangdui (Color : Black),,,
https://m.media-amazon.com/images/I/41yD5A3Ar1L._AC_UL320_.jpg,GC-59m 1m Micro USB to USB 2.1A Galloping Fast Charging USB Data Cable for Galaxy| LG| Huawei| Xiaomi and other Smartphones New (Black) Wangwangdui (Color : Black),,,
https://m.media-amazon.com/images/I/51sOuZISpaL._AC_UL320_.jpg,Nice 50cm 2 in 1 USB 3.0 to Micro USB 3.0 + USB 2.0 Data/Charging Cable| For Samsung| Huawei| Xiaomi| LG| HTC and other Smartphones Wangwangdui,,,
https://m.media-amazon.com/images/I/41yD5A3Ar1L._AC_UL320_.jpg,GC-59m 1m Micro USB to USB 2.1A Galloping Fast Charging USB Data Cable for Galaxy| LG| Huawei| Xiaomi and other Smartphones New (Black) ZhouSS (Color : Black),,,
https://m.media-amazon.com/images/I/41iRuZDegDL._AC_UL320_.jpg,Nice 1m Woven Style Micro USB to USB Data/Charging Cable| For Samsung/Huawei/Xiaomi/Meizu/LG/HTC and Other Smartphones(Black) ZhouSS (Color : Green),,,
https://m.media-amazon.com/images/I/61sU4CF6d6L._AC_UL320_.jpg,New 1m USB to Micro USB Nylon Weave Style Double Elbow Charging Cable| For Samsung/Huawei/Xiaomi/Meizu/LG/HTC and Other Smartphones (Black) ZhouSS (Color : Silver),,,
https://m.media-amazon.com/images/I/61qpskKsvtL._AC_UL320_.jpg,New 1m Micro USB to USB 2.0 Flexible Metal Data Sync Charging Cable| For Samsung| Huawei| Xiaomi| LG| HTC and other Smartphones(Black) ZhouSS (Color : Rose Gold),,,
https://m.media-amazon.com/images/I/5102R1iD43L._AC_UL320_.jpg,Nice 8 Pin Female to Micro USB Male Metal Shell Adapter| For Samsung/Huawei/Xiaomi/Meizu/LG/HTC and Other Smartphones(Black) ZhouSS (Color : Red),,,
https://m.media-amazon.com/images/I/21ZpXlEaSPL._AC_UL320_.jpg,GC-27m Micro USB to USB 1m Diamond Quick Charging USB Data Cable for Galaxy| Huawei| Xiaomi| HTC| Sony and Other Smartphones New (Pink) ZhouSS (Color : White),,,
https://m.media-amazon.com/images/I/51sOuZISpaL._AC_UL320_.jpg,Nice 50cm 2 in 1 USB 3.0 to Micro USB 3.0 + USB 2.0 Data/Charging Cable| For Samsung| Huawei| Xiaomi| LG| HTC and other Smartphones ZhouSS,,,
https://m.media-amazon.com/images/I/51M6zgzQWZL._AC_UL320_.jpg,Nice 5 PCS Colors 1m High Speed Micro USB to USB Data Sync Charging Cable Kits| For Samsung| Huawei| Xiaomi| LG| HTC and other Smartphones ZhouSS,,,
https://m.media-amazon.com/images/I/61AEZ1x2eOL._AC_UL320_.jpg,New 1m Weave Line USB to Micro USB Magnetic Charging Cable| For Samsung/Huawei/Xiaomi/Meizu/LG/HTC and Other Smartphones(Black) ZhouSS (Color : Black),,,
https://m.media-amazon.com/images/I/51wy6gi7jpL._AC_UL320_.jpg,Nice 8 Pin Female to Micro USB Male Metal Shell Adapter| For Samsung/Huawei/Xiaomi/Meizu/LG/HTC and Other Smartphones(Black) Yanggege (Color : Gold),,,
https://m.media-amazon.com/images/I/51+qu5aoBGL._AC_UL320_.jpg,Nice 20cm USB 2.0 Female to Micro USB Male Data Charging Cable| For Samsung/Huawei/Xiaomi/Meizu/LG/HTC and Other Smartphones Yanggege,,,
https://m.media-amazon.com/images/I/51fnq74qvSL._AC_UL320_.jpg,Nice 4 PCS 1m High Speed Micro USB to USB Data Sync Charging Cable Kits| For Samsung| Huawei| Xiaomi| LG| HTC and other Smartphones Yanggege,,,
https://m.media-amazon.com/images/I/51kjrH3nBcL._AC_UL320_.jpg,Nice 5 PCS 1m High Speed Micro USB to USB Data Sync Charging Cable Kits| For Samsung| Huawei| Xiaomi| LG| HTC and other Smartphones Yanggege,,,
https://m.media-amazon.com/images/I/419MR44BoYL._AC_UL320_.jpg,Nice 2 PCS 1m High Speed Micro USB to USB Data Sync Charging Cable Kits| For Samsung| Huawei| Xiaomi| LG| HTC and other Smartphones Yanggege,,,
https://m.media-amazon.com/images/I/51Ugwzy4QiL._AC_UL320_.jpg,Nice 4 PCS 1m High Speed Micro USB to USB Data Sync Charging Cable Kits| For Samsung| Huawei| Xiaomi| LG| HTC and other Smartphones Yanggege,,,
https://m.media-amazon.com/images/I/415deS8YCeL._AC_UL320_.jpg,Nice 3 PCS 1m High Speed Micro USB to USB Data Sync Charging Cable Kits| For Samsung| Huawei| Xiaomi| LG| HTC and other Smartphones Yanggege,,,
https://m.media-amazon.com/images/I/612-YmgjeSL._AC_UL320_.jpg,Yoedge Cases for Xiaomi Mi 10 Pro 5G Phone Case| White Silicone with Personalised Print Cute Pattern Protective Skin Ultra Slim Shockproof TPU Gel Cover for Xiaomi 10Pro Smartphone| 04,,,
https://m.media-amazon.com/images/I/61owxeIPElL._AC_UL320_.jpg,Yoedge Cases for Xiaomi Mi 10 Pro 5G Phone Case| White Silicone with Personalised Print Cute Pattern Protective Skin Ultra Slim Shockproof TPU Gel Cover for Xiaomi 10Pro Smartphone| 02,,,
https://m.media-amazon.com/images/I/61aZ9SqF8ML._AC_UL320_.jpg,Yoedge Xiaomi Redmi 9C 4G Phone Case| Pink Silicone with Personalised Print Cute Pattern Protective Skin Ultra Slim Shockproof TPU Gel Cover for Xiaomi Redmi 9C 4G Smartphone| 25,13.2,3.9,3
https://m.media-amazon.com/images/I/6123bwzCZwL._AC_UL320_.jpg,Yoedge Xiaomi Redmi 9A 4G Phone Case| Pink Silicone with Personalised Print Cute Pattern Protective Skin Ultra Slim Shockproof TPU Gel Cover for Xiaomi Redmi 9A 4G Smartphone| 26,,,
https://m.media-amazon.com/images/I/6123bwzCZwL._AC_UL320_.jpg,Yoedge Xiaomi Redmi 9 4G Phone Case| Pink Silicone with Personalised Print Cute Pattern Protective Skin Ultra Slim Shockproof TPU Gel Cover for Xiaomi Redmi 9 4G Smartphone| 26,,,
https://m.media-amazon.com/images/I/61aZ9SqF8ML._AC_UL320_.jpg,Yoedge Xiaomi Redmi 9 4G Phone Case| Pink Silicone with Personalised Print Cute Pattern Protective Skin Ultra Slim Shockproof TPU Gel Cover for Xiaomi Redmi 9 4G Smartphone| 25,,,
https://m.media-amazon.com/images/I/61kfViWr2ZL._AC_UL320_.jpg,Yoedge Xiaomi Redmi 9 4G Phone Case| Pink Silicone with Personalised Print Cute Pattern Protective Skin Ultra Slim Shockproof TPU Gel Cover for Xiaomi Redmi 9 4G Smartphone| 24,,,
https://m.media-amazon.com/images/I/61s8qtb-yfL._AC_UL320_.jpg,Yoedge Xiaomi Redmi 9 4G Case| Black Silicone with Personalised Print Astronaut Patterned Protective Cover Ultra Slim Shockproof TPU Gel Phone Cases for Xiaomi Redmi 9 4G Smartphone| 14,,,
https://m.media-amazon.com/images/I/51SAc6pvz7L._AC_UL320_.jpg,Yoedge Xiaomi Redmi 9C 4G Phone Case| White Silicone with Personalised Print Cute Pattern Protective Skin Ultra Slim Shockproof TPU Gel Cover for Xiaomi Redmi 9C 4G Smartphone| 12,12.99,3.9,3
https://m.media-amazon.com/images/I/61FTnGrTybL._AC_UL320_.jpg,Yoedge Xiaomi Redmi 9 4G Case| Black Silicone with Personalised Print Astronaut Patterned Protective Cover Ultra Slim Shockproof TPU Gel Phone Cases for Xiaomi Redmi 9 4G Smartphone| 05,,,
https://m.media-amazon.com/images/I/51SAc6pvz7L._AC_UL320_.jpg,Yoedge Xiaomi Redmi 9A 4G Phone Case| White Silicone with Personalised Print Cute Pattern Protective Skin Ultra Slim Shockproof TPU Gel Cover for Xiaomi Redmi 9A 4G Smartphone| 12,,,
https://m.media-amazon.com/images/I/51V4k4bdv-L._AC_UL320_.jpg,Yoedge Xiaomi Redmi 9A 4G Phone Case| White Silicone with Personalised Print Cute Pattern Protective Skin Ultra Slim Shockproof TPU Gel Cover for Xiaomi Redmi 9A 4G Smartphone| 17,,,
https://m.media-amazon.com/images/I/51wsEVs0BLL._AC_UL320_.jpg,Yoedge Xiaomi Redmi 9A 4G Phone Case| White Silicone with Personalised Print Cute Pattern Protective Skin Ultra Slim Shockproof TPU Gel Cover for Xiaomi Redmi 9A 4G Smartphone| 15,,,
https://m.media-amazon.com/images/I/610odz4oUsL._AC_UL320_.jpg,Yoedge Xiaomi Redmi 9A 4G Phone Case| White Silicone with Personalised Print Cute Pattern Protective Skin Ultra Slim Shockproof TPU Gel Cover for Xiaomi Redmi 9A 4G Smartphone| 03,,,
https://m.media-amazon.com/images/I/51miv3BK+WL._AC_UL320_.jpg,Yoedge Xiaomi Redmi 9A 4G Phone Case| White Silicone with Personalised Print Cute Pattern Protective Skin Ultra Slim Shockproof TPU Gel Cover for Xiaomi Redmi 9A 4G Smartphone| 06,,,
https://m.media-amazon.com/images/I/515TR+pHznL._AC_UL320_.jpg,Yoedge Xiaomi Redmi 9C 4G Case| Black Silicone with Personalised Print Heart Patterned Protective Cover Ultra Slim Shockproof TPU Gel Phone Cases for Xiaomi Redmi 9C 4G Smartphone| 10,,,
https://m.media-amazon.com/images/I/61cskmP4YLL._AC_UL320_.jpg,Yoedge Xiaomi Redmi 9A 4G Case| Black Silicone with Personalised Print Astronaut Patterned Protective Cover Ultra Slim Shockproof TPU Gel Phone Cases for Xiaomi Redmi 9A 4G Smartphone| 43,13.51,5,2
https://m.media-amazon.com/images/I/51miv3BK+WL._AC_UL320_.jpg,Yoedge Xiaomi Redmi 9C 4G Phone Case| White Silicone with Personalised Print Cute Pattern Protective Skin Ultra Slim Shockproof TPU Gel Cover for Xiaomi Redmi 9C 4G Smartphone| 06,13.51,3.9,3
